English,Russian,Ukrainian,Belarusian,Bulgarian,Macedonian,Bosnian,Croatian,Serbian,Slovak,Latvian,Lithuanian,Slovenian,Czech,Romanian,Albanian,Greek,Latin,Corsican,Catalan,French,Norwegian,Swedish,Finnish,Hungarian,Armenian,Georgian,Azerbaijani
one,odin,odin,adzin,edin,eden,jedan,jedan,jedan,jeden,viens,vienas,eno,jeden,unul,nje,enas,unus,unu,un,un,en,en,yksi,egy,mek,erti,bir
two,dva,dva,dva,dve,dva,dva,dva,dva,dve,divi,du,dva,dva,doua,dy,dyo,duo,due,dos,deux,to,tva,kaksi,ket,erkow,ori,iki
three,tri,tri,try,tri,tri,tri,tri,tri,tri,tris,trys,tri,tri,trei,tre,tria,tres,tre,tres,trois,tre,tre,kolme,harom,erek',sami,uc
four,chetyre,chotiri,chatyry,chetiri,chetiri,cetiri,cetiri,chetiri,styri,cetri,keturi,stiri,ctyri,patru,kater,tesseris,quattuor,quattru,quatre,quatre,fire,fyra,nelja,negy,ch'ors,otkhi,dord
five,pyat',p'yat',pyats',pet,pet,pet,pet,pet,pat,pieci,penkios,pet,pet,cinci,pese,pente,quinque,cinque,cinc,cinq,fem,fem,viisi,ot,hing,khuti,bes
six,shest',shist',shests',shest,shest,sest,sest,shest,sest,sesi,sesi,sest,sest,sase,gjashte,exi,sex,sei,sis,six,seks,sex,kuusi,hat,vets',ekvsi,alti
seven,sem',sim,sem,sedem,sedum,sedam,sedam,sedam,sedem,septini,septyni,sedem,sedm,Sapte,shtate,epta,septem,sette,set,sept,syv,sju,seitseman,het,yot',shvidi,yeddi
eight,vosem',visim,vosem,osem,osum,osam,osam,osam,osem,astoni,astuoni,osem,osm,opt,tete,okto,octingenti,ottu,vuit,huit,atte,atta,kahdeksan,nyolc,owt',rva,sekkiz
nine,devyat',dev'yat',dzevyats',devet,devet,devet,devet,devet,devat,devini,devynios,devet,devet,noua,nente,ennea,novem,nove,nou,neuf,ni,nio,yhdeksan,kilenc,iny,tskhra,doqquz
ten,desyat',desyat',dzesyats',deset,deset,deset,deset,deset,desat,desmit,desimt,deset,deset,zece,dhjete,deka,decem,deci,deu,dix,ti,tio,kymmenen,tiz,tasy,ati,on
eleven,odinnadtsat',odinadtsyat',adzinatstsats',edinadeset,edinaeset,jedanaest,jedanaest,jedanaest,jedenast,vienpadsmit,vienuolika,enajst,jedenact,unsprezece,njembedhjete,enteka,undecim,ondeci,onze,onze,elleve,elva,yksitoista,tizenegy,tasnmek,tertmet'i,on bir
twelve,dvenadtsat',dvanadtsyat',dvanatstsats',dvanadeset,dvanaeset,dvanaest,dvanaest,dvanaest,dvanast,divpadsmit,dvylika,dvanajst,dvanact,doisprezece,dymbedhjete,dodeka,duodecim,dodeci,dotze,douze,tolv,tolv,kaksitoista,tizenket,tasnerkow,tormet'i,on iki
thirteen,trinadtsat',trinadtsyat',trynatstsats',trinadeset,trinaeset,trinaest,trinaest,trinaest,trinast,trispadsmit,trylika,trinajst,trinact,treisprezece,trembedhjete,dekatreis,tredecim,tredeci,tretze,treize,tretten,tretton,kolmetoista,tizenharom,tasnerek',tsamet'i,on uc
fourteen,chetyrnadtsat',chotirnadtsyat',chatyrnatstsats',chetirinadeset,chetirinaeset,cetrnaest,cetrnaest,chetrnaest,strnast,cetrpadsmit,keturiolika,stirinajst,ctrnact,paisprezece,katermbedhjete,dekatessera,quattuordecim,quattordeci,catorze,quatorze,fjorten,fjorton,neljatoista,tizennegy,tasnch'ors,totkhmet'i,on dord
fifteen,pyatnadtsat',p'yatnadtsyat',pyatnatstsats',petnadeset,petnaeset,petnaest,petnaest,petnaest,patnast,piecpadsmit,penkiolika,petnajst,patnact,cincisprezece,pesembedhjete,dekapente,quindecim,quindici,quinze,quinze,femten,femton,viisitoista,tizenot,tasnhing,tkhutmet'i,on bes
sixteen,shestnadtsat',shistnadtsyat',shasnatstsats',shestnadeset,shesnaeset,sesnaest,sesnaest,shesnaest,sestnast,sespadsmit,sesiolika,sestnajst,sestnact,saisprezece,gjashtembedhjete,dekaexi,sedecim,sedici,setze,seize,seksten,sexton,kuusitoista,tizenhat,tasnvets',tekvsmet'i,on alti
seventeen,semnadtsat',simnadtsyat',semnatstsats',sedemnadeset,sedumnaeset,sedamnaest,sedamnaest,sedamnaest,sedemnast,septinpadsmit,septyniolika,sedemnajst,sedmnact,saptesprezece,shtatembedhjete,dekaepta,decem et septem,diciassette,disset,dix-sept,sytten,sjutton,seitsemantoista,tizenhet,tasnyot',chvidmet'i,on yeddi
eighteen,vosemnadtsat',visimnadtsyat',vasemnatstsats',osemnadeset,osumnaeset,osamnaest,osamnaest,osamnaest,osemnast,astonpadsmit,astuoniolika,osemnajst,osmnact,optsprezece,tetembedhjete,dekaochto,duodeviginti,diciottu,divuit,dix-huit,atten,arton,kahdeksantoista,tizennyolc,tasnowt',tvramet'i,on sekkiz
nineteen,devyatnadtsat',dev'yatnadtsyat',dzevyatnatstsats',devetnadeset,devetnaeset,devetnaest,devetnaest,devetnaest,devatnast,devinpadsmit,devyniolika,devetnajst,devatenact,nouasprezece,nentembedhjete,dekaennea,undeviginti,diciannove,dinou,dix-neuf,nitten,nitton,yhdeksantoista,tizenkilenc,tasniny,tskhramet'i,on doqquz
twenty,dvadtsat',dvadtsyat',dvatstsats',dvadeset,dvaeset,dvadeset,dvadeset,dvadeset,dvadsat,divdesmit,dvidesimt,dvajset,dvacet,douazeci,njezet,eikosi,viginti,venti,vint,vingt,tyve,tjugo,kaksikymmenta,husz,k'san,otsi,iyirmi
twenty-one,dvadtsat' odin,dvadtsyat' odin,dvatstsats' adzin,dvadeset i edno,dvaeset i eden,dvadeset i jedan,dvadeset jedan,dvadeset i jedan,dvadsatjeden,divdesmit viens,dvidesimt vienas,enaindvajset,dvacet jedna,douazeci si unu,njezet e nje,eikosi ena,viginti unus,vintunu,vint-i-un,vingt et un,tjueen,tjugoen,kaksikymmentayksi,huszonegy,k'sanmek,otsdaerti,iyirmi bir
twenty-two,dvadtsat' dva,dvadtsyat' dva,dvatstsats' dva,dvadeset i dve,dvaeset i dva,dvadeset dva,dvadeset i dvije,dvadeset dva,dvadsatdva,divdesmit divi,dvidesimt dveji,dvaindvajset,dvacet dva,douazeci si doi,njezet e dy,eikosi dyo,viginti duo,vintidui,vint-i-dos,vingt-deux,tjueto,tjugotva,kaksikymmentakaksi,huszonketto,k'sanerkow,otsdaori,iyirmi iki
twenty-three,dvadtsat' tri,dvadtsyat' tri,dvatstsats' try,dvadeset i tri,dvaeset i tri,dvadeset tri,dvadeset i tri,dvadeset tri,dvadsattri,divdesmit tris,dvidesimt trys,triindvajset,dvacet tri,douazeci si trei,njezet e tre,eikosi tria,viginti tres,vinti tre,vint-i-tres,vingt-trois,tjuetre,tjugotre,kaksikymmentakolme,huszonharom,k'sanerek',otsdasami,iyirmi uc
twenty-four,dvadtsat' chetyre,dvadtsyat' chotiri,dvatstsats' chatyry,dvadeset i chetiri,dvaeset i chetiri,dvadeset cetiri,dvadeset i cetiri,dvadeset chetiri,dvadsatstyri,divdesmit cetri,dvidesimt keturi,stiriindvajset,dvacet ctyri,douazecisipatru,njezet e kater,eikosi tesseris,viginti quattuor,vintiquattru,vint-i-quatre,vingt-quatre,tjuefire,tjugofyra,kaksikymmentanelja,huszonnegy,k'sanch'ors,otsdaotkhi,iyirmi dord
twenty-five,dvadtsat' pyat',dvadtsyat' p'yat',dvatstsats' pyats',dvadeset i pet,dvaeset i pet,dvadeset pet,dvadeset i pet,dvadeset pet,dvadsatpat,divdesmit pieci,dvidesimt penkeri,petindvajset,dvacet pet,douazeci si cinci,njezet e pese,eikosi pente,viginti quinque,vinticinque,vint-i-cinc,vingt-cinq,tjuefem,tjugofem,kaksikymmentaviisi,huszonot,k'sanhing,otsdakhuti,iyirmi bes
twenty-six,dvadtsat' shest',dvadtsyat' shist',dvatstsats' shests',dvadeset i shest,dvaeset i shest,dvadeset sest,dvadeset i sest,dvadeset shest,dvadsatsest,divdesmit sesi,dvidesimt seseri,sestindvajset,dvacet sest,douazeci si sase,njezet e gjashte,eikosi exi,viginti sex,vintisi,vint-i-sis,vingt-six,tjueseks,tjugosex,kaksikymmentakuusi,huszonhat,k'sanvets',otsdaekvsi,iyirmi alti
twenty-seven,dvadtsat' sem',dvadtsyat' sim,dvatstsats' sem,dvadeset i sedem,dvaeset i sedum,dvadeset sedam,dvadeset i sedam,dvadeset sedam,dvadsatsedem,divdesmit septini,dvidesimt septyneri,sedemindvajset,dvacet sedm,douazeci si sapte,njezet e shtate,eikosi epta,viginti septem,vintisette,vint-i-set,vingt-sept,tjuesju,tjugosju,kaksikymmentaseitseman,huszonhet,k'sanyot',otsdashvidi,iyirmi yeddi
twenty-eight,dvadtsat' vosem',dvadtsyat' visim,dvatstsats' vosem,dvadeset i osem,dvaeset i osum,dvadeset osam,dvadeset i osam,dvadeset osam,dvadsatosem,divdesmit astoni,dvidesimt astuoni,osemindvajset,dvacet osm,douazeci si opt,njezet e tete,eikosi okto,viginti octo,vintottu,vint-i-vuit,vingt-huit,tjueatte,tjugoatta,kaksikymmentakahdeksan,huszonnyolc,k'sanowt',otsdarva,iyirmi sekkiz
twenty-nine,dvadtsat' devyat',dvadtsyat' dev'yat',dvatstsats' dzevyats',dvadeset i devet,dvaeset i devet,dvadeset devet,dvadeset i devet,dvadeset devet,dvadsatdevat,divdesmit devini,dvidesimt devyneri,devetindvajset,dvacet devet,douazeci si noua,njezet e nente,eikosi ennea,viginti novem,vinti nove,vint-i-nou,vingt-neuf,tjueni,tjugonio,kaksikymmentayhdeksan,huszonkilenc,k'saniny,otsdatskhra,iyirmi doqquz
thirty,tridtsat',tridtsyat',trytstsats',trideset,trieset,trideset,trideset,trideset,tridsat,trisdesmit,trisdesimt,trideset,tricet,treizeci,tridhjete,trianta,triginta,trenta,trenta,trente,tretti,trettio,kolmekymmenta,harminc,eresown,otsdaati,otuz
thirty-one,tridtsat' na e,tridtsyat' odin,trytstsats' adzin,trideset i edno,trieset i eden,trideset jedan,trideset jedan,trideset jedan,tridsatjeden,trisdesmit viens,trisdesimt vienas,enaintrideset,tricet jedna,treizeci si unu,tridhjete e nje,trianta ena,triginta et unum,trentunu,trenta-un,trente et un e,trettien,trettioen,kolmekymmentayksi,harmincegy,eresownmek,otsdatertmet'i,otuz bir
thirty-two,tridtsat' dva,tridtsyat' dva,trytstsats' dva,trideset i dve,trieset i dva,trideset dva,trideset i dvije,trideset dva,tridsatdva,trisdesmit divi,trisdesimt du,dvaintrideset,tricet dva,treizeci si doi,tridhjete e dy,trianta dyo,triginta duo,trentadui,trenta-dos,trente-deux,trettito,trettiotva,kolmekymmentakaksi,harmincketto,eresownerkow,otsdatormet'i,otuz iki
thirty-three,tridtsat' tri,tridtsyat' tri,trytstsats' try,trideset i tri,trieset i tri,trideset tri,trideset i tri,trideset tri,tridsattri,trisdesmit tris,trisdesimt trys,triintrideset,tricet tri,treizeci si trei,tridhjete e tre,trianta tria,triginta tres,trenta tre,trenta-tres,trente-trois,trettitre,trettiotre,kolmekymmentakolme,harmincharom,eresownerek',otsdatsamet'i,otuz uc
thirty-four,tridtsat' chetyre,tridtsyat' chotiri,trytstsats' chatyry,trideset i chetiri,trieset i chetiri,trideset cetiri,trideset i cetiri,trideset chetiri,tridsatstyri,trisdesmit cetri,trisdesimt keturi,stiriintrideset,tricet ctyri,treizeci si patru,tridhjete e kater,trianta tessera,triginta quattuor,trentaquattru,trenta-quatre,trente-quatre,trettifire,trettiofyra,kolmekymmentanelja,harmincnegy,eresownch'ors,otsdatotkhmet'i,otuz dord
thirty-five,tridtsat' pyat',tridtsyat' p'yat',trytstsats' pyats',trideset i pet,trieset i pet,trideset pet,trideset pet,trideset pet,tridsatpat,trisdesmit pieci,trisdesimt penkeri,petintrideset,tricet pet,treizeci si cinci,tridhjete e pese,trianta pente,triginta quinque,trentacinque,trenta-cinc,trente-cinq,trettifem,trettiofem,kolmekymmentaviisi,harmincot,eresownhing,otsdatkhutmet'i,otuz bes
thirty-six,tridtsat' shest',tridtsyat' shist',trytstsats' shests',trideset i shest,trieset i shest,trideset sest,trideset i sest,trideset shest,tridsatsest,trisdesmit sesi,trisdesimt sesi,sestintrideset,tricet sest,treizeci si sase,tridhjete e gjashte,trianta exi,triginta sex,trentasei,trenta-sis,trente-six,trettiseks,trettiosex,kolmekymmentakuusi,harminchat,eresownvets',otsdatekvsmet'i,otuz alti
thirty-seven,tridtsat' sem',tridtsyat' sim,trytstsats' sem,trideset i sedem,trieset i sedum,trideset sedam,trideset i sedam,trideset sedam,tridsatsedem,trisdesmit septini,trisdesimt septyni,sedemintrideset,tricet sedm,treizeci si sapte,tridhjete e shtate,trianta epta,triginta septem,trentasette,trenta-set,trente-sept,trettisyv,trettiosju,kolmekymmentaseitseman,harminchet,eresownyot',otsdachvidmet'i,otuz yeddi
thirty-eight,tridtsat' vosem',tridtsyat' visim,trytstsats' vosem,trideset i osem,trieset i osum,trideset osam,trideset i osam,trideset osam,tridsatosem,trisdesmit astoni,trisdesimt astuoni,osemintrideset,tricet osm,treizeci si opt,tridhjete e tete,trianta okto,triginta octo,trentottu,trenta-vuit,trente-huit,trettiatte,trettioatta,kolmekymmentakahdeksan,harmincnyolc,eresownowt',otsdatvramet'i,otuz sekkiz
thirty-nine,tridtsat' devyat',tridtsyat' dev'yat',trytstsats' dzevyats',trideset i devet,trieset i devet,trideset devet,trideset i devet,trideset devet,tridsatdevat,trisdesmit devini,trisdesimt devyni,devetintrideset,tricet devet,treizeci si noua,tridhjete e nente,trianta ennea,triginta novem,trentanove,trenta-nou,trente-neuf,trettini,trettionio,kolmekymmentayhdeksan,harminckilenc,eresowniny,otsdatskhramet'i,otuz doqquz
forty,sorok,sorok,sorak,chetirideset,chetirieset,cetrdeset,cetrdeset,chetrdeset,styridsat,cetrdesmit,keturiasdesimt,stirideset,ctyricet,patruzeci,dyzet,saranta,quadraginta,quaranta,quaranta,quarante,forti,fyrtio,neljakymmenta,negyven,k'arrasown,ormotsi,qirx
forty-one,sorok odin,sorok odin,sorak adzin,chetirideset i edno,chetirieset i eden,cetrdeset jedan,cetrdeset jedan,chetrdeset jedan,styridsatjeden,cetrdesmit viens,keturiasdesimt vienas,enainstirideset,ctyricet jedna,patruzeci si unu,dyzet e nje,saranta ena,quadraginta unus,quaranta unu,quaranta-un,quarante et un,fortien,fyrtioen,neljakymmentayksi,negyvenegy,k'arrasownmek,ormotsdaerti,qirx bir
forty-two,sorok dva,sorok dva,sorak dva,chetirideset i dve,chetirieset i dva,cetrdeset dva,cetrdeset i dvije,chetrdeset dva,styridsatdva,cetrdesmit divi,keturiasdesimt du,dvainstirideset,ctyricet dva,patruzeci si doi,dyzet e dy,saranta dyo,quadraginta duo,quarantadui,quaranta-dos,quarante-deux,fortito,fyrtiotva,neljakymmentakaksi,negyvenketto,k'arrasownerkow,ormotsdaori,qirx iki
forty-three,sorok tri,sorok tri,sorak try,chetirideset i tri,chetirieset i tri,cetrdeset tri,cetrdeset i tri,chetrdeset tri,styridsattri,cetrdesmit tris,keturiasdesimt trys,triinstirideset,ctyricet tri,patruzeci si trei,dyzet e tre,saranta tria,quadraginta tres,quaranta tre,quaranta-tres,quarante-trois,forti-tre,fyrtiotre,neljakymmentakolme,negyvenharom,k'arrasownerek',ormotsdasami,qirx uc
forty-four,sorok chetyre,sorok chotiri,sorak chatyry,chetirideset i chetiri,chetirieset i chetiri,cetrdeset cetiri,cetrdeset i cetiri,chetrdeset chetiri,styridsatstyri,cetrdesmit cetri,keturiasdesimt keturi,stiriinstirideset,ctyricet ctyri,patruzeci si patru,dyzet e kater,saranta tessera,quadraginta quattuor,quarantaquattru,quaranta-quatre,quarante-quatre,fortifire,fyrtiofyra,neljakymmentanelja,negyvennegy,k'arrasownch'ors,ormotsdaotkhi,qirx dord
forty-five,sorok pyat',sorok p'yat',sorak pyats',chetirideset i pet,chetirieset i pet,cetrdeset pet,cetrdeset pet,chetrdeset pet,styridsatpat,cetrdesmit pieci,keturiasdesimt penkeri,petinstirideset,ctyricet pet,patruzeci si cinci,dyzet e pese,saranta pente,quadraginta quinque,quarantacinque,quaranta-cinc,quarante-cinq,fortifem,fyrtiofem,neljakymmentaviisi,negyvenot,k'arrasownhing,ormotsdakhuti,qirx bes
forty-six,sorok shest',sorok shist',sorak shests',chetirideset i shest,chetirieset i shest,cetrdeset sest,cetrdeset i sest,chetrdeset shest,styridsatsest,cetrdesmit sesi,keturiasdesimt sesi,sestinstirideset,ctyricet sest,patruzeci si sase,dyzet e gjashte,saranta exi,quadraginta sex,quarantasei,quaranta-sis,quarante-six,fortiseks,fyrtiosex,neljakymmentakuusi,negyvenhat,k'arrasownvets',ormotsdaekvsi,qirx alti
forty-seven,sorok sem',sorok sim,sorak sem,chetirideset i sedem,chetirieset i sedum,cetrdeset sedam,cetrdeset i sedam,chetrdeset sedam,styridsatsedem,cetrdesmit septini,keturiasdesimt septyni,sedeminstirideset,ctyricet sedm,patruzeci si sapte,dyzet e shtate,saranta epta,quadraginta septem,quarantasette,quaranta-set,quarante-sept,fortisju,fyrtiosju,neljakymmentaseitseman,negyvenhet,k'arrasownyot',ormotsdashvidi,qirx yeddi
forty-eight,sorok vosem',sorok visim,sorak vosem,chetirideset i osem,chetirieset i osum,cetrdeset osam,cetrdeset i osam,chetrdeset osam,styridsatosem,cetrdesmit astoni,keturiasdesimt astuoni,oseminstirideset,ctyricet osm,patruzeci si opt,dyzet e tete,saranta okto,quadraginta octo,quarantottu,quaranta-vuit,quarante-huit,fortiatte,fyrtioatta,neljakymmentakahdeksan,negyvennyolc,k'arrasownowt',ormotsdarva,qirx sekkiz
forty-nine,sorok devyat',sorok dev'yat',sorak dzevyats',chetirideset i devet,chetirieset i devet,cetrdeset devet,cetrdeset i devet,chetrdeset devet,styridsatdevat,cetrdesmit devini,keturiasdesimt devyni,devetinstirideset,ctyricet devet,patruzeci si noua,dyzet e nente,saranta ennea,undequinquaginta,quaranta nove,quaranta-nou,quarante-neuf,forti-ni,fyrtionio,neljakymmentayhdeksan,negyvenkilenc,k'arrasowniny,ormotsdatskhra,qirx doqquz
fifty,pyat'desyat,p'yatdesyat,pyats'dzesyat,petdeset,pedeset,pedeset,pedeset,pedeset,patdesiat,piecdesmit,penkiasdesimt,petdeset,padesat,cincizeci,pesedhjete,peninta,quinquaginta,cinquanta,cinquanta,cinquante,femti,femtio,viisikymmenta,otven,hisown,ormotsdaati,elli
fifty-one,pyat'desyat odin,p'yatdesyat odin,pyats'dzesyat adzin,petdeset i edno,pedeset i eden,pedeset i jedan,pedeset jedan,pedeset i jedan,patdesiatjeden,piecdesmit viens,penkiasdesimt vienas,enainpetdeset,padesat jedna,cincizeci si unu,pesedhjete e nje,peninta ena,quinquaginta unum,cinquantu unu,cinquanta-un,cinquante et un,femtien,femtioen,viisikymmentayksi,otvenegy,hisownmek,ormotsdaerti,elli bir
fifty-two,pyat'desyat dva,p'yatdesyat dva,pyats'dzesyat dva,petdeset i dve,pedeset i dva,pedeset dva,pedeset i dvije,pedeset dva,patdesiatdva,piecdesmit divi,penkiasdesimt du,dvainpetdeset,padesat dva,cincizeci si doi,pesedhjete e dy,peninta dyo,quinquaginta duo,cinquantadui,cinquanta-dos,cinquante-deux,femtito,femtiotva,viisikymmentakaksi,otvenketto,hisownerkow,ormotsdatormet'i,elli iki
fifty-three,pyat'desyat tri,p'yatdesyat tri,pyats'dzesyat try,petdeset i tri,pedeset i tri,pedeset tri,pedeset i tri,pedeset tri,patdesiattri,piecdesmit tris,penkiasdesimt trys,triinpetdeset,padesat tri,cincizeci si trei,pesedhjete e tre,peninta tria,quinquaginta tres,cinquanta tre,cinquanta-tres,cinquante-trois,femtitre,femtiotre,viisikymmentakolme,otvenharom,hisownerek',ormotsdasami,elli uc
fifty-four,pyat'desyat chetyre,p'yatdesyat chotiri,pyats'dzesyat chatyry,petdeset i chetiri,pedeset i chetiri,pedeset cetiri,pedeset i cetiri,pedeset chetiri,patdesiatstyri,piecdesmit cetri,penkiasdesimt keturi,stiriinpetdeset,padesat ctyri,cincizeci si patru,pesedhjete e kater,peninta tessera,quinquaginta quattuor,cinquantaquattru,cinquanta-quatre,cinquante-quatre,femtifire,femtiofyra,viisikymmentanelja,otvennegy,hisownch'ors,ormotsdatotkhmet'i,elli dord
fifty-five,pyat'desyat tysyacha pyat',p'yatdesyat p'yat',pyats'dzesyat pyats',petdeset i pet,pedeset i pet,pedeset pet,pedeset i pet,pedeset pet,patdesiatpat,piecdesmit pieci,penkiasdesimt penki,petinpetdeset,padesat pet,cincizeci si cinci,pesedhjete e pese,peninta pente,quinquaginta quinque,cinquantacinque,cinquanta-cinc,cinquante 55,femtifem,femtiofem,viisikymmentaviisi,otvenot,hisownhing,ormotsdatkhutmet'i,elli bes
fifty-six,pyat'desyat shest',p'yatdesyat shist',pyats'dzesyat shests',petdeset i shest,pedeset i shest,pedeset sest,pedeset i sest,pedeset shest,patdesiatsest,piecdesmit sesi,penkiasdesimt sesi,sestinpetdeset,padesat sest,cincizeci si sase,pesedhjete e gjashte,peninta exi,quinquaginta sex,cinquantasei,cinquanta-sis,56,femtiseks,femtiosex,viisikymmentakuusi,otvenhat,hisownvets',ormotsdatekvsmet'i,elli alti
fifty-seven,pyat'desyat sem',p'yatdesyat sim,pyats'dzesyat sem,petdeset i sedem,pedeset i sedum,pedeset sedam,pedeset i sedam,pedeset sedam,patdesiatsedem,piecdesmit septini,penkiasdesimt septyneri,sedeminpetdeset,padesat sedm,cincizeci si sapte,pesedhjete e shtate,peninta epta,quinquaginta septem,cinquantasette,cinquanta-set,57,femtisju,femtiosju,viisikymmentaseitseman,otvenhet,hisownyot',ormotsdachvidmet'i,elli yeddi
fifty-eight,pyat'desyat vosem',p'yatdesyat visim,pyats'dzesyat vosem,petdeset i osem,pedeset i osum,pedeset osam,pedeset i osam,pedeset osam,patdesiatosem,piecdesmit astoni,penkiasdesimt astuoni,oseminpetdeset,padesat osm,cincizeci si opt,pesedhjete e tete,peninta okto,quinquaginta octo,cinquantottu,cinquanta-vuit,58,femtiatte,femtioatta,viisikymmentakahdeksan,otvennyolc,hisownowt',ormotsdatvramet'i,elli sekkiz
fifty-nine,pyat'desyat devyat',p'yatdesyat dev'yat',pyats'dzesyat dzevyats',petdeset i devet,pedeset i devet,pedeset devet,pedeset i devet,pedeset devet,patdesiatdevat,piecdesmit devini,penkiasdesimt devyni,devetinpetdeset,padesat devet,cincizeci si noua,pesedhjete e nente,peninta ennea,quinquaginta novem,cinquantanove,cinquanta-nou,59,femti-ni,femtionio,viisikymmentayhdeksan,otvenkilenc,hisowniny,ormotsdatskhramet'i,elli doqquz
sixty,shest'desyat,shistdesyat,shests'dzesyat,shestdeset,sheeset,sezdeset,sezdeset,shezdeset,sestdesiat,sesdesmit,sesiasdesimt,sestdeset,sedesat,saizeci,gjashtedhjete,exinta,sexaginta,sessanta,seixanta,soixante,seksti,sextio,kuusikymmenta,hatvan,vat'sown,samotsi,altmis
sixty-one,shest'desyat odin,shistdesyat odin,shests'dzesyat adzin,shestdeset i edno,sheeset i eden,sezdeset jedan,sezdeset jedan,shezdeset jedan,sestdesiatjeden,sesdesmit viens,sesiasdesimt vienas,enainsestdeset,sedesat jedna,saizeci si unu,gjashtedhjete e nje,exinta ena,sexaginta unus,sessanta unu,seixanta-un,soixante et un,sekstien,sextioen,kuusikymmentayksi,hatvanegy,vat'sownmek,samotsdaerti,altmis bir
sixty-two,shest'desyat dva,shistdesyat dva,shests'dzesyat dva,shestdeset i dve,sheeset i dva,sezdeset dva,sezdeset i dvije,shezdeset dva,sestdesiatdva,sesdesmit divi,sesiasdesimt du,dvainsestdeset,sedesat dva,saizeci si doi,gjashtedhjete e dy,exinta dyo,sexaginta duo,sessantadui,seixanta-dos,soixante-deux,sekstito,sextiotva,kuusikymmentakaksi,hatvanketto,vat'sown erkow,samotsdaori,altmis iki
sixty-three,shest'desyat tri,shistdesyat tri,shests'dzesyat try,shestdeset i tri,sheeset i tri,sezdeset tri,sezdeset i tri,shezdeset tri,sestdesiattri,sesdesmit tris,sesiasdesimt trys,triinsestdeset,sedesat tri,saizeci si trei,gjashtedhjete e tre,exinta tria,sexaginta tres,sessanta tre,seixanta-tres,soixante-trois,sekstitre,sextiotre,kuusikymmentakolme,hatvanharom,vat'sown erek',samotsdasami,altmis uc
sixty-four,shest'desyat chetyre,shistdesyat chotiri,shests'dzesyat chatyry,shestdeset i chetiri,sheeset i chetiri,sezdeset cetiri,sezdeset i cetiri,shezdeset chetiri,sestdesiatstyri,sesdesmit cetri,sesiasdesimt keturi,stiriinsestdeset,sedesat ctyri,saizeci si patru,gjashtedhjete e kater,exinta tessera,sexaginta quattuor,sessantaquattru,seixanta-quatre,soixante-quatre,sekstifire,sextiofyra,kuusikymmentanelja,hatvannegy,vat'sownch'ors,samotsdaotkhi,altmis dord
sixty-five,shest'desyat pyat',shistdesyat p'yat',shests'dzesyat pyats',shestdeset i pet,sheeset i pet,sezdeset pet,sezdeset pet,shezdeset pet,sestdesiatpat,sesdesmit pieci,sesiasdesimt penkeri,petinsestdeset,sedesat pet,saizeci si cinci,gjashtedhjete e pese,exinta pente,sexaginta quinque,sessantacinque,seixanta-cinc,soixante-cinq,sekstifem,sextiofem,kuusikymmentaviisi,hatvanot,vat'sownhing,samotsdatkhutmet'i,altmis bes
sixty-six,shest'desyat shest',shistdesyat shist',shests'dzesyat shests',shestdeset i shest,sheeset i shest,sezdeset sest,sezdeset sest,shezdeset shest,sestdesiatsest,sesdesmit sesi,sesiasdesimt sesi,sestinsestdeset,sedesat sest,saizeci si sase,gjashtedhjete e gjashte,exinta exi,sexaginta sex,sessantasei,seixanta-sis,soixante-six,sekstiseks,sextiosex,kuusikymmentakuusi,hatvanhat,vat'sownvets',samotsdaekvsi,altmis alti
sixty-seven,shest'desyat sem',shistdesyat sim,shests'dzesyat sem,shestdeset i sedem,sheeset i sedum,sezdeset sedam,sezdeset i sedam,shezdeset sedam,sestdesiatsedem,sesdesmit septini,sesiasdesimt septyneri,sedeminsestdeset,sedesat sedm,saizeci si sapte,gjashtedhjete e shtate,exinta epta,sexaginta septem,sessantasette,seixanta-set,soixante-sept,sekstisju,sextiosju,kuusikymmentaseitseman,hatvanhet,vat'sownyot',samotsdashvidi,altmis yeddi
sixty-eight,shest'desyat vosem',shistdesyat visim,shests'dzesyat vosem,shestdeset i osem,sheeset i osum,sezdeset osam,sezdeset osam,shezdeset osam,sestdesiatosem,sesdesmit astoni,sesiasdesimt astuoni,oseminsestdeset,sedesat osm,saizeci si opt,gjashtedhjete e tete,exinta okto,sexaginta octo,sessantottu,seixanta-vuit,soixante-huit,sekstiatte,sextioatta,kuusikymmentakahdeksan,hatvannyolc,vat'sownowt',samotsdarva,altmis sekkiz
sixty-nine,shest'desyat devyat',shistdesyat dev'yat',shests'dzesyat dzevyats',shestdeset i devet,sheeset i devet,sezdeset devet,sezdeset i devet,shezdeset devet,sestdesiatdevat,sesdesmit devini,sesiasdesimt devyni,devetinsestdeset,sedesat devet,saizeci si noua,gjashtedhjete e nente,exinta ennea,sexaginta novem,sessantanove,seixanta-nou,soixante-neuf,seksti-ni,sextionio,kuusikymmentayhdeksan,hatvankilenc,vat'sowniny,samotsdatskhramet'i,altmis doqquz
seventy,sem'desyat,simdesyat,semdzesyat,sedemdeset,sedumdeset,sedamdeset,sedamdeset,sedamdeset,sedemdesiat,septindesmit,septyniasdesimt,sedemdeset,sedmdesat,saptezeci,shtatedhjete,evdominta,septuaginta,settanta,setanta,soixante-dix,sytti,sjuttio,seitsemankymmenta,hetven,yot'anasown,samotsdaati,yetmis
seventy-one,sem'desyat odin,simdesyat odin,semdzesyat adzin,sedemdeset i edno,sedumdeset i eden,sedamdeset jedan,sedamdeset jedan,sedamdeset jedan,sedemdesiatjeden,septindesmit viens,septyniasdesimt vienas,enainsedemdeset,sedmdesat jedna,saptezeci si unu,shtatedhjete e nje,evdominta ena,septuaginta unum,settanta unu,setanta-un,soixante et onze,syttien,sjuttioen,seitsemankymmentayksi,hetvenegy,yot'anasownmek,samotsdatertmet'i,yetmis bir
seventy-two,sem'desyat dva,simdesyat dva,semdzesyat dva,sedemdeset i dve,sedumdeset i dva,sedamdeset dva,sedamdeset i dvije,sedamdeset dva,sedemdesiatdva,septindesmit divi,septyniasdesimt du,dvainsedemdeset,sedmdesat dva,saptezeci si doi,shtatedhjete e dy,evdominta dyo,septuaginta duo,settantadui,setanta-dos,soixante-douze,syttito,sjuttiotva,seitsemankymmentakaksi,hetvenketto,yot'anasownerkow,samotsdatormet'i,yetmis iki
seventy-three,sem'desyat tri,simdesyat tri,semdzesyat try,sedemdeset i tri,sedumdeset i tri,sedamdeset tri,sedamdeset i tri,sedamdeset tri,sedemdesiattri,septindesmit tris,septyniasdesimt trys,triinsedemdeset,sedmdesat tri,saptezeci si trei,shtatedhjete e tre,evdominta tria,septuaginta tres,settanta tre,setanta-tres,soixante-treize,syttitre,sjuttiotre,seitsemankymmentakolme,hetvenharom,yot'anasownerek',samotsdasami,yetmis uc
seventy-four,sem'desyat chetyre,simdesyat chotiri,semdzesyat chatyry,sedemdeset i chetiri,sedumdeset i chetiri,sedamdeset cetiri,sedamdeset i cetiri,sedamdeset chetiri,sedemdesiatstyri,septindesmit cetri,septyniasdesimt keturi,stiriinsedemdeset,sedmdesat ctyri,saptezeci si patru,shtatedhjete e kater,evdominta tessera,septuaginta quattuor,settantaquattru,setanta-quatre,soixante-quatorze,syttifire,sjuttiofyra,seitsemankymmentanelja,hetvennegy,yot'anasownch'ors,samotsdatotkhmet'i,yetmis dord
seventy-five,sem'desyat pyat',simdesyat p'yat',semdzesyat pyats',sedemdeset i pet,sedumdeset i pet,sedamdeset pet,sedamdeset i pet,sedamdeset pet,sedemdesiatpat,septindesmit pieci,septyniasdesimt penkeri,petinsedemdeset,sedmdesat pet,saptezeci si cinci,shtatedhjete e pese,evdominta pente,septuaginta quinque,settantacinque,setanta-cinc,soixante-quinze,syttifem,sjuttiofem,seitsemankymmentaviisi,hetvenot,yot'anasownhing,samotsdatkhutmet'i,yetmis bes
seventy-six,sem'desyat shest',simdesyat shist',semdzesyat shests',sedemdeset i shest,sedumdeset i shest,sedamdeset sest,sedamdeset i sest,sedamdeset shest,sedemdesiatsest,septindesmit sesi,septyniasdesimt seseri,sestinsedemdeset,sedmdesat sest,saptezeci si sase,shtatedhjete e gjashte,evdominta exi,septuaginta sex,settantasei,setanta-sis,soixante-seize,syttiseks,sjuttiosex,seitsemankymmentakuusi,hetvenhat,yot'anasownvets',samotsdatekvsmet'i,yetmis alti
seventy-seven,sem'desyat sem',simdesyat sim,semdzesyat sem,sedemdeset i sedem,sedumdeset i sedum,sedamdeset sedam,sedamdeset i sedam,sedamdeset sedam,sedemdesiatsedem,septindesmit septini,septyniasdesimt septyni,sedeminsedemdeset,sedmdesat sedm,saptezeci si sapte,shtatedhjete e shtate,evdominta epta,septuaginta septem,settantasette,setanta-set,soixante-dix-sept,syttisju,sjuttiosju,seitsemankymmentaseitseman,hetvenhet,yot'anasownyot',samotsdachvidmet'i,yetmis yeddi
seventy-eight,sem'desyat vosem',simdesyat visim,semdzesyat vosem,sedemdeset i osem,sedumdeset i osum,sedamdeset osam,sedamdeset i osam,sedamdeset osam,sedemdesiatosem,septindesmit astoni,septyniasdesimt astuoni,oseminsedemdeset,sedmdesat osm,saptezeci si opt,shtatedhjete e tete,evdominta okto,septuaginta octo,settantaottu,setanta-vuit,soixante-dix-huit,syttiatte,sjuttioatta,seitsemankymmentakahdeksan,hetvennyolc,yot'anasownowt',samotsdatvramet'i,yetmis sekkiz
seventy-nine,sem'desyat devyat',simdesyat dev'yat',semdzesyat dzevyats',sedemdeset i devet,sedumdeset i devet,sedamdeset devet,sedamdeset i devet,sedamdeset devet,sedemdesiatdevat,septindesmit devini,septyniasdesimt devyni,devetinsedemdeset,sedmdesat devet,saptezeci si noua,shtatedhjete e nente,evdominta ennea,septuaginta novem,settanta nove,setanta-nou,soixante-dix-neuf,syttini,sjuttionio,seitsemankymmentayhdeksan,hetvenkilenc,yot'anasowniny,samotsdatskhramet'i,yetmis doqquz
eighty,vosem'desyat,visimdesyat,vosemdzesyat,osemdeset,osumdeset,osamdeset,osamdeset,osamdeset,osemdesiat,astondesmit,astuoniasdesimt,osemdeset,osmdesat,optzeci,tetedhjete,ogdonta,octoginta,ottanta,vuitanta,quatre-vingts,atti,attio,kahdeksankymmenta,nyolcvan,owt'sown,otkhmotsi,seksen
eighty-one,vosem'desyat odin,visimdesyat odin,vosemdzesyat adzin,osemdeset i edno,osumdeset i eden,osamdeset jedan,osamdeset jedan,osamdeset jedan,osemdesiatjeden,astondesmit viens,astuoniasdesimt vienas,enainosemdeset,osmdesat jedna,optzeci si unu,tetedhjete e nje,ogdonta ena,octoginta unus,ottanta unu,vuitanta-un,quatre-vingt-un,attien,attioen,kahdeksankymmentayksi,nyolcvanegy,owt'sownmek,otkhmotsdaerti,seksen bir
eighty-two,vosem'desyat dva,visimdesyat dva,vosemdzesyat dva,osemdeset i dve,osumdeset i dva,osamdeset dva,osamdeset i dvije,osamdeset dva,osemdesiatdva,astondesmit divi,astuoniasdesimt du,dvainosemdeset,osmdesat dva,optzeci si doi,tetedhjete e dy,ogdonta dyo,octoginta duo,ottantadui,vuitanta-dos,quatre-vingt-deux,attito,attiotva,kahdeksankymmentakaksi,nyolcvanketto,owt'sown erkow,otkhmotsdatormet'i,seksen iki
eighty-three,vosem'desyat tri,visimdesyat tri,vosemdzesyat try,osemdeset i tri,osumdeset i tri,osamdeset tri,osamdeset i tri,osamdeset tri,osemdesiattri,astondesmit tris,astuoniasdesimt trys,triinosemdeset,osmdesat tri,optzeci si trei,tetedhjete e tre,ogdonta tria,octoginta tres,ottanta tre,vuitanta-tres,quatre-vingt-trois,attitre,attiotre,kahdeksankymmentakolme,nyolcvanharom,owt'sownerek',otkhmotsdasami,seksen uc
eighty-four,vosem'desyat chetyre,visimdesyat chotiri,vosemdzesyat chatyry,osemdeset i chetiri,osumdeset i chetiri,osamdeset cetiri,osamdeset i cetiri,osamdeset chetiri,osemdesiatstyri,astondesmit cetri,astuoniasdesimt keturi,stiriinosemdeset,osmdesat ctyri,optzeci si patru,tetedhjete e kater,ogdonta tessera,octoginta quattuor,ottantaquattru,vuitanta-quatre,quatre-vingt-quatre,attifire,attiofyra,kahdeksankymmentanelja,nyolcvannegy,owt'sownch'ors,otkhmotsdaotkhi,seksen dord
eighty-five,vosem'desyat pyat',visimdesyat p'yat',vosemdzesyat pyats',osemdeset i pet,osumdeset i pet,osamdeset pet,osamdeset i pet,osamdeset pet,osemdesiatpat,astondesmit pieci,astuoniasdesimt penkeri,petinosemdeset,osmdesat pet,optzeci si cinci,tetedhjete e pese,ogdonta pente,octoginta quinque,ottantacinque,vuitanta-cinc,quatre-vingt-cinq,attifem,attiofem,kahdeksankymmentaviisi,nyolcvanot,owt'sownhing,otkhmotsdatkhutmet'i,seksen bes
eighty-six,vosem'desyat shest',visimdesyat shist',vosemdzesyat shests',osemdeset i shest,osumdeset i shest,osamdeset sest,osamdeset i sest,osamdeset shest,osemdesiatsest,astondesmit sesi,astuoniasdesimt seseri,sestinosemdeset,osmdesat sest,optzeci si sase,tetedhjete e gjashte,ogdonta exi,octoginta sex,ottantasei,vuitanta-sis,quatre-vingt-six,atti-seks,attiosex,kahdeksankymmentakuusi,nyolcvanhat,owt'sownvets',otkhmotsdaekvsi,seksen alti
eighty-seven,vosem'desyat sem',visimdesyat sim,vosemdzesyat sem,osemdeset i sedem,osumdeset i sedum,osamdeset sedam,osamdeset i sedam,osamdeset sedam,osemdesiatsedem,astondesmit septini,astuoniasdesimt septyneri,sedeminosemdeset,osmdesat sedm,optzeci si sapte,tetedhjete e shtate,ogdonta epta,octoginta septem,ottantasette,vuitanta-set,quatre-vingt-sept,attisju,attiosju,kahdeksankymmentaseitseman,nyolcvanhet,owt'sownyot',otkhmotsdachvidmet'i,seksen yeddi
eighty-eight,vosem'desyat vosem',visimdesyat visim,vosemdzesyat vosem,osemdeset i osem,osumdeset i osum,osamdeset osam,osamdeset i osam,osamdeset osam,osemdesiatosem,astondesmit astoni,astuoniasdesimt astuoni,oseminosemdeset,osmdesat osm,optzeci si opt,tetedhjete e tete,ogdonta okto,octoginta octo,ottanta ottu,vuitanta-vuit,quatre-vingt-huit,attiatte,attioatta,kahdeksankymmentakahdeksan,nyolcvannyolc,owt'sownowt',otkhmotsdarva,seksen sekkiz
eighty-nine,vosem'desyat devyat',visimdesyat dev'yat',vosemdzesyat dzevyats',osemdeset i devet,osumdeset i devet,osamdeset devet,osamdeset i devet,osamdeset devet,osemdesiatdevat,astondesmit devini,astuoniasdesimt devyni,devetinosemdeset,osmdesat devet,optzeci si noua,tetedhjete e nente,ogdonta ennea,octuagesimo nono,ottanta nove,vuitanta-nou,quatre-vingt-neuf,attini,attionio,kahdeksankymmentayhdeksan,nyolcvankilenc,owt'sowniny,otkhmotsdatskhramet'i,seksen doqquz
ninety,devyanosto,dev'yanosto,dzevyanosta,devetdeset,devedeset,devedeset,devedeset,devedeset,devatdesiat,devindesmit,devyniasdesimt,devetdeset,devadesat,nouazeci,nentedhjete,eneninta,nonaginta,novanta,noranta,quatre-vingt-dix,nitti,nittio,yhdeksankymmenta,kilencven,innsown,otkhmotsdaati,doxsan
ninety-one,devyanosto odin,dev'yanosto odin,dzevyanosta adzin,devetdeset i edno,devedeset i eden,devedeset jedan,devedeset jedan,devedeset jedan,devatdesiatjeden,devindesmit viens,devyniasdesimt vienas,enaindevetdeset,devadesat jedna,nouazeci si unu,nentedhjete e nje,eneninta ena,nonaginta unum,novanta unu,noranta-un,quatre-vingt-onze,nittien,nittioen,yhdeksankymmentayksi,kilencvenegy,innsownmek,otkhmotsdatertmet'i,doxsan bir
ninety-two,devyanosto dva,dev'yanosto dva,dzevyanosta dva,devetdeset i dve,devedeset i dva,devedeset dva,devedeset dvije,devedeset dva,devatdesiatdva,devindesmit divi,devyniasdesimt du,dvaindevetdeset,devadesat dva,nouazeci si doi,nentedhjete e dy,eneninta dyo,nonaginta duo,novantadui,noranta-dos,quatre-vingt-douze,nittito,nittiotva,yhdeksankymmentakaksi,kilencvenketto,innsown erkow,otkhmotsdatormet'i,doxsan iki
ninety-three,devyanosto tri,dev'yanosto tri,dzevyanosta try,devetdeset i tri,devedeset i tri,devedeset tri,devedeset i tri,devedeset tri,devatdesiattri,devindesmit tris,devyniasdesimt trys,triindevetdeset,devadesat tri,nouazeci si trei,nentedhjete e tre,eneninta tria,nonaginta tres,novanta tre,noranta-tres,quatre-vingt-treize,nittitre,nittiotre,yhdeksankymmentakolme,kilencvenharom,innsown erek',otkhmotsdasami,doxsan uc
ninety-four,devyanosto chetyre,dev'yanosto chotiri,dzevyanosta chatyry,devetdeset i chetiri,devedeset i chetiri,devedeset cetiri,devedeset i cetiri,devedeset chetiri,devatdesiatstyri,devindesmit cetri,devyniasdesimt keturi,stiriindevetdeset,devadesat ctyri,nouazeci si patru,nentedhjete e kater,eneninta tessera,nonaginta quattuor,novantaquattru,noranta-quatre,quatre-vingt-quatorze,nittifire,nittiofyra,yhdeksankymmentanelja,kilencvennegy,innsownch'ors,otkhmotsdatotkhmet'i,doxsan dord
ninety-five,devyanosto pyat',dev'yanosto p'yat',dzevyanosta pyats',devetdeset i pet,devedeset i pet,devedeset pet,devedeset pet,devedeset pet,devatdesiatpat,devindesmit pieci,devyniasdesimt penki,petindevetdeset,devadesat pet,nouazeci si cinci,nentedhjete e pese,eneninta pente,nonaginta quinque,novantacinque,noranta-cinc,quatre-vingt-quinze,nittifem,nittiofem,yhdeksankymmentaviisi,kilencvenot,innsownhing,otkhmotsdatkhutmet'i,doxsan bes
ninety-six,devyanosto shest',dev'yanosto shist',dzevyanosta shests',devetdeset i shest,devedeset i shest,devedeset sest,devedeset sest,devedeset shest,devatdesiatsest,devindesmit sesi,devyniasdesimt sesi,sestindevetdeset,devadesat sest,nouazeci si sase,nentedhjete e gjashte,eneninta exi,nonaginta sex,novantasei,noranta-sis,quatre-vingt-seize,nittiseks,nittiosex,yhdeksankymmentakuusi,kilencvenhat,innsownvets',otkhmotsdatekvsmet'i,doxsan alti
ninety-seven,devyanosto sem',dev'yanosto sim,dzevyanosta sem,devetdeset i sedem,devedeset i sedum,devedeset sedam,devedeset sedam,devedeset sedam,devatdesiatsedem,devindesmit septini,devyniasdesimt septyni,sedemindevetdeset,devadesat sedm,nouazeci si sapte,nentedhjete e shtate,eneninta epta,nonaginta septem,novantasette,noranta-set,quatre-vingt-dix-sept,nittisyv,nittiosju,yhdeksankymmentaseitseman,kilencvenhet,innsownyot',otkhmotsdachvidmet'i,doxsan yeddi
ninety-eight,devyanosto vosem',dev'yanosto visim,dzevyanosta vosem,devetdeset i osem,devedeset i osum,devedeset osam,devedeset i osam,devedeset osam,devatdesiatosem,devindesmit astoni,devyniasdesimt astuoni,osemindevetdeset,devadesat osm,nouazeci si opt,nentedhjete e tete,eneninta okto,nonaginta octo,novantottu,noranta-vuit,quatre-vingt-dix-huit,nittiatte,nittioatta,yhdeksankymmentakahdeksan,kilencvennyolc,innsownowt',otkhmotsdatvramet'i,doxsan sekkiz
ninety-nine,devyanosto devyat',dev'yanosto dev'yat',dzevyanosta dzevyats',devetdeset i devet,devedeset i devet,devedeset devet,devedeset i devet,devedeset devet,devatdesiatdevat,devindesmit devini,devyniasdesimt devyni,devetindevetdeset,devadesat devet,nouazeci si noua,nentedhjete e nente,eneninta ennia,nonaginta novem,novantanove,noranta-nou,quatre-vingt-dix-neuf,nittini,nittionio,yhdeksankymmentayhdeksan,kilencvenkilenc,innsowniny,otkhmotsdatskhramet'i,doxsan doqquz
