en,ru,uk,be,bg,mk,bs,hr,sr,sk,pl,lv,lt,sl,cs,ro,sq,it,el,la,co,es,ca,fr,de,no,sv,fi,hu,hy,ka,az
one,odin ,odin,adzin,edin,eden ,jedan,jedan,one,jeden,jeden,viens,vienas,ena,jeden ,unul,nje,uno,ena,unus,unu,uno ,un,un,eins,en,en,yksi,egy,mek,erti,bir
 two, dva , dva, dva, dve, dva , dva, dva, dva, dva, dwa, divi, du, dva, dva, doi, dy, due, dyo , duo , dui, dos, dos, deux, zwei, to, tva, kaksi, ketto, erkow, ori , iki
 three, tri, tri, try, tri, tri , tri, tri, tri, tri, trzy, tris, trys, tri, tri, trei, tre, tre, treis, tribus , tre, tres, tres, trois, drei, tre, tre, kolme, harom, erek', sami , uc
 four, chetyre , chotiri, chatyry, chetiri, chetiri, cetiri, cetiri, chetiri, styri, cztery, cetri, keturi, stiri, ctyri, patru, kater, quattro, tessera, quattuor , quattru, cuatro, quatre, quatre, vier, fire, fyra, nelja, negy, ch'ors, otkhi, dord
 five, pyat' , p'yat', pyats', pet, pet , pet, pet, pet, pat, piec, pieci, penki, pet, pet, cinci, pese, cinque, pente, quinque , cinque, cinco, cinc, cinq, funf, fem, fem, viisi, ot, hing, khuti, bes
 six, shest' , shist', shests', shest, shest , sest, sest, shest, sest, szesc, sesi, sesi, sest, sest, sase, gjashte, sei, exi, sex, sei, seis, sis, six, sechs, seks, sex, kuusi, hat, vets', ekvsi, alti
 seven, sem' , sim, sem, sedem, sedum, sedam, sedam, sedam, sedem, siedem, septini, septyni, sedem, sedm, sapte, shtate, sette, epta, septem , sette, siete, set, sept, sieben, syv, sju, seitseman, het, yot', shvidi, yeddi
 eight, vosem', visim, vosem, osem, osum , osam, osam, osam, osem, osiem, astoni, astuoni, osem, osm, opt, tete, otto, okto , octo , ottu, ocho, vuit, huit, acht, atte, atta, kahdeksan, nyolc, owt', rva, sekkiz
 nine, devyat' , dev'yat', dzevyats', devet, devet , devet, devet, devet, devat, dziewiec, devini, devyni, devet, devet, noua, nente, nove, ennea, novem, nove, nueve, nou, neuf, neun, ni, nio, yhdeksan, kilenc, iny, tskhra , doqquz
 ten, desyat' , desyat', dzesyats', deset, deset, deset, deset, deset, desat, dziesiec, desmit, desimt, deset, deset, zece, dhjete, dieci, deka, decem, deci, diez, deu, dix, zehn, ti, tio, kymmenen, tiz, tasy, ati, on
 eleven, odinnadtsat', odinadtsyat', adzinatstsats', edinadeset, edinaeset, jedanaest, jedanaest, jedanaest, jedenast, jedenascie, vienpadsmit, vienuolika, enajst, jedenact, unsprezece, njembedhjete, undici, enteka, undecim , undici, once, onze, onze, elf, elleve, elva, yksitoista, tizenegy, tasnmek, tertmet'i, on bir
 twelve, dvenadtsat', dvanadtsyat', dvanatstsats', dvanadeset, dvanaeset, dvanaest, dvanaest, dvanaest, dvanast, dwanascie, divpadsmit, dvylika, dvanajst, dvanact, doisprezece, dymbedhjete, dodici, dodeka, duodecim , dodici, doce, dotze, douze, zwolf, tolv, tolv, kaksitoista, tizenkett, tasnerkow, tormet'i, on iki
 thirteen, trinadtsat' , trinadtsyat', trynatstsats', trinadeset, trinaeset, trinaest, trinaest, trinaest, trinast, trzynascie, trispadsmit, trylika, trinajst, trinact, treisprezece, trembedhjete, tredici, dekatreis, tredecim , tredeci, trece, tretze, treize, dreizehn, tretten, tretton, kolmetoista, tizenharom, tasnerek', tsamet'i, on uc
 fourteen, chetyrnadtsat' , chotirnadtsyat', chatyrnatstsats', chetirinadeset, chetirinaeset, cetrnaest, cetrnaest, chetrnaest, strnast, czternascie, cetrpadsmit, keturiolika, stirinajst, ctrnact, paisprezece, katermbedhjete, quattordici , dekatessera, quattuor , quattordici, catorce, catorze, quatorze, vierzehn, fjorten, fjorton, neljatoista, tizennegy, tasnch'ors, totkhmet'i, on dord
 fifteen, pyatnadtsat' , p'yatnadtsyat', pyatnatstsats', petnadeset, petnaeset, petnaest, petnaest, petnaest, patnast, pietnascie, piecpadsmit, penkiolika, petnajst, patnact, cincisprezece, pesembedhjete, quindici, dekapente, quindecim , quindici, quince, quinze, quinze, funfzehn, femten, femton, viisitoista, tizenot, tasnhing, tkhutmet'i, on bes
 sixteen, shestnadtsat' , shistnadtsyat', shasnatstsats', shestnadeset, shesnaeset, sesnaest, sesnaest, shesnaest, sestnast, szesnascie, sespadsmit, sesiolika, sestnajst, sestnact, saisprezece, gjashtembedhjete, sedici , dekaexi, sedecim , sedici, dieciseis, setze, seize, sechzehn, seksten, sexton, kuusitoista, tizenhat, tasnvets', tekvsmet'i, on alti
 seventeen, semnadtsat' , simnadtsyat', semnatstsats', sedemnadeset, sedumnaeset, sedamnaest, sedamnaest, sedamnaest, sedemnast, siedemnascie, septinpadsmit, septyniolika, sedemnajst, sedmnact, saptesprezece, shtatembedhjete, diciassette, dekaepta, decem et septem , diciassette, diecisiete, disset, dix-sept, siebzehn, sytten, sjutton, seitsemantoista, tizenhet, tasnyot', chvidmet'i, on yeddi
 eighteen, vosemnadtsat' , visimnadtsyat', vasemnatstsats', osemnadeset, osumnaeset, osamnaest, osamnaest, osamnaest, osemnast, osiemnascie, astonpadsmit, astuoniolika, osemnajst, osmnact, optsprezece, tetembedhjete, diciotto, dekaokto, decem et octo, diciottu, dieciocho, divuit, dix-huit, achtzehn, atten, arton, kahdeksantoista, tizennyolc, tasnowt', tvramet'i, on sekkiz
 nineteen, devyatnadtsat' , dev'yatnadtsyat', dzevyatnatstsats', devetnadeset, devetnaeset, devetnaest, devetnaest, devetnaest, devatnast, dziewietnascie, devinpadsmit, devyniolika, devetnajst, devatenact, nouasprezece, nentembedhjete, diciannove, dekaennea, novem , diciannove, diecinueve, dinou, dix-neuf, neunzehn, nitten, nitton, yhdeksantoista, tizenkilenc, tasniny, tskhramet'i, on doqquz
 twenty, dvadtsat' , dvadtsyat', dvatstsats', dvadeset, dvaeset, dvadeset, dvadeset, dvadeset, dvadsat, dwadziescia, divdesmit, dvidesimt, dvajset, dvacet, douazeci, njezet, venti, eikosi, viginti, vinti, veinte, vint, vingt, zwanzig, tjue, tjugo, kaksikymmenta, husz, k'san, otsi, iyirmi
 twenty-one, dvadtsat' odin , dvadtsyat' odin, dvatstsats' adzin, dvadeset i edno, dvaeset i eden, dvadeset i jedan, dvadeset i jedan, dvadeset i jedan, dvadsatjeden, dwadziescia jeden, divdesmit viens, dvidesimt vienas, enaindvajset, dvacet jedna, douazeci si unu, njezet e nje, ventuno, eikosi ena, viginti unus , vintunu, veintiuno, vint-i-un, vingt et un, einundzwanzig, tjueen, tjugoen, kaksikymmentayksi, huszonegy, k'sanmek, otsdaerti, iyirmi bir
 twenty-two, dvadtsat' dva , dvadtsyat' dva, dvatstsats' dva, dvadeset i dve, dvaeset i dva, dvadeset dva, dvadeset i dva, dvadeset dva, dvadsatdva, dwadziescia dwa, divdesmit divi, dvidesimt du, dvaindvajset, dvacet dva, douazeci si doi, njezet e dy, ventidue, eikosi dyo, viginti duo , vintidui, veintidos, vint-i-dos, vingt-deux, zweiundzwanzig, tjueto, tjugotva, kaksikymmentakaksi, huszonket, k'sanerkow, otsdaori, iyirmi iki
 twenty-three, dvadtsat' tri , dvadtsyat' tri, dvatstsats' try, dvadeset i tri, dvaeset i tri, dvadeset tri, dvadeset i tri, dvadeset tri, dvadsattri, dwadziescia trzy, divdesmit tris, dvidesimt trys, triindvajset, dvacet tri, douazeci si trei, njezet e tre, ventitre, eikosi tria, viginti tres , vintitre, veintitres, vint-i-tres, vingt-trois, dreiundzwanzig, tjuetre, tjugotre, kaksikymmentakolme, huszonharom, k'sanerek', otsdasami, iyirmi uc
 twenty-four, dvadtsat' chetyre , dvadtsyat' chotiri, dvatstsats' chatyry, dvadeset i chetiri, dvaeset i chetiri, dvadeset cetiri, dvadeset i cetiri, dvadeset chetiri, dvadsatstyri, dwadziescia cztery, divdesmit cetri, dvidesimt keturi, stiriindvajset, dvacet ctyri, douazeci si patru, njezet e kater, ventiquattro, eikositesseris, viginti quattuor , vintiquattru, veinticuatro, vint-i-quatre, vingt-quatre, vierundzwanzig, tjuefire, tjugofyra, kaksikymmentanelja, huszonnegy, k'sanch'ors, otsdaotkhi, iyirmi dord
 twenty-five, dvadtsat' pyat' , dvadtsyat' p'yat', dvatstsats' pyats', dvadeset i pet, dvaeset i pet, dvadeset pet, dvadeset pet, dvadeset pet, dvadsatpat, dwadziescia piec, divdesmit pieci, dvidesimt penkeri, petindvajset, dvacet pet, douazeci si cinci, njezet e pese, venticinque, eikosi pente, viginti quinque , vinticinque, veinticinco, vint-i-cinc, vingt-cinq, funfundzwanzig, tjuefem, tjugofem, kaksikymmentaviisi, huszonot, k'sanhing, otsdakhuti, iyirmi bes
 twenty-six, dvadtsat' shest' , dvadtsyat' shist', dvatstsats' shests', dvadeset i shest, dvaeset i shest, dvadeset sest, dvadeset i sest, dvadeset shest, dvadsatsest, dwadziescia szesc, divdesmit sesi, dvidesimt sesi, sestindvajset, dvacet sest, douazeci si sase, njezet e gjashte, ventisei, eikosi exi, viginti sex , vintisi, veintiseis, vint-i-sis, vingt-six, sechsundzwanzig, tjueseks, tjugosex, kaksikymmentakuusi, huszonhat, k'sanvets', otsdaekvsi, iyirmi alti
 twenty-seven, dvadtsat' sem' , dvadtsyat' sim, dvatstsats' sem, dvadeset i sedem, dvaeset i sedum, dvadeset sedam, dvadeset i sedam, dvadeset sedam, dvadsatsedem, dwadziescia siedem, divdesmit septini, dvidesimt septyneri, sedemindvajset, dvacet sedm, douazeci si sapte, njezet e shtate, ventisette, eikosi epta, viginti septem , vintisette, veintisiete, vint-i-set, vingt-sept, siebenundzwanzig, tjuesju, tjugosju, kaksikymmentaseitseman, huszonhet, k'sanyot', otsdashvidi, iyirmi yeddi
 twenty-eight, dvadtsat' vosem' , dvadtsyat' visim, dvatstsats' vosem, dvadeset i osem, dvaeset i osum, dvadeset osam, dvadeset osam, dvadeset osam, dvadsatosem, dwadziescia osiem, divdesmit astoni, dvidesimt astuoni, osemindvajset, dvacet osm, douazeci si opt, njezet e tete, ventotto, eikosi okto, viginti octo, vintottu, veintiocho, vint-i-vuit, vingt-huit, achtundzwanzig, tjueatte, tjugoatta, kaksikymmentakahdeksan, huszonnyolc, k'sanowt', otsdarva, iyirmi sekkiz
 twenty-nine, dvadtsat' devyat' , dvadtsyat' dev'yat', dvatstsats' dzevyats', dvadeset i devet, dvaeset i devet, dvadeset devet, dvadeset i devet, dvadeset devet, dvadsatdevat, dwadziescia dziewiec, divdesmit devini, dvidesimt devyneri, devetindvajset, dvacet devet, douazeci si noua, njezet e nente, ventinove, eikosi ennea, viginti novem , vintinove, veintinueve, vint-i-nou, vingt-neuf, neunundzwanzig, tjueni, tjugonio, kaksikymmentayhdeksan, huszonkilenc, k'saniny, otsdatskhra, iyirmi doqquz
 thirty, tridtsat' , tridtsyat', trytstsats', trideset, trieset, trideset, trideset, trideset, tridsat, trzydziesci, trisdesmit, trisdesimt, trideset, tricet, treizeci, tridhjete, trenta, trianta, triginta , trenta, treinta, trenta, trente, dreissig, tretti, trettio, kolmekymmenta, harminc, eresown, otsdaati, otuz
 thirty-one, tridtsat' odin , tridtsyat' odin, trytstsats' adzin, trideset i edno, trieset i eden, trideset jedan, trideset i jedan, trideset jedan, tridsatjeden, trzydziesci jeden, trisdesmit viens, trisdesimt vienas, enaintrideset, tricet jedna, treizeci si unu, tridhjete e nje, trentuno, trianta ena, triginta et unum , trentunu, treinta y uno, trenta-un, trente et un, einunddreissig, trettien, trettioen, kolmekymmentayksi, harmincegy, eresownmek, otsdatertmet'i, otuz bir
 thirty-two, tridtsat' dva , tridtsyat' dva, trytstsats' dva, trideset i dve, trieset i dva, trideset dva, trideset i dva, trideset dva, tridsatdva, trzydziesci dwa, trisdesmit divi, trisdesimt du, dvaintrideset, tricet dva, treizeci si doi, tridhjete e dy, trentadue, trianta dyo, triginta duo , trentadui, treinta y dos, trenta-dos, trente-deux, zweiunddreissig, trettito, trettiotva, kolmekymmentakaksi, harmincketto, eresownerkow, otsdatormet'i, otuz iki
 thirty-three, tridtsat' tri , tridtsyat' tri, trytstsats' try, trideset i tri, trieset i tri, trideset tri, trideset i tri, trideset tri, tridsattri, trzydziesci trzy, trisdesmit tris, trisdesimt trys, triintrideset, tricet tri, treizeci si trei, tridhjete e tre, trentatre, trianta tria, triginta tres , trentatre, treinta y tres, trenta-tres, trente-trois, dreiunddreissig, trettitre, trettiotre, kolmekymmentakolme, harmincharom, eresownerek', otsdatsamet'i, otuz uc
 thirty-four, tridtsat' chetyre , tridtsyat' chotiri, trytstsats' chatyry, trideset i chetiri, trieset i chetiri, trideset cetiri, trideset cetiri, trideset chetiri, tridsatstyri, trzydziesci cztery, trisdesmit cetri, trisdesimt keturi, stiriintrideset, tricet ctyri, treizeci si patru, tridhjete e kater, trentaquattro, trianta tessera, triginta quattuor , trentaquattru, treinta y cuatro, trenta-quatre, trente-quatre, vierunddreissig, trettifire, trettiofyra, kolmekymmentanelja, harmincnegy, eresownch'ors, otsdatotkhmet'i, otuz dord
 thirty-five, tridtsat' pyat' , tridtsyat' p'yat', trytstsats' pyats', trideset i pet, trieset i pet, trideset pet, trideset pet, trideset pet, tridsatpat, trzydziesci piec, trisdesmit pieci, trisdesimt penkeri, petintrideset, tricet pet, treizeci si cinci, tridhjete e pese, trentacinque, trianta pente, triginta et quinque , trentacinque, treinta y cinco, trenta-cinc, trente-cinq, funfunddreissig, trettifem, trettiofem, kolmekymmentaviisi, harmincot, eresownhing, otsdatkhutmet'i, otuz bes
 thirty-six, tridtsat' shest' , tridtsyat' shist', trytstsats' shests', trideset i shest, trieset i shest, trideset sest, trideset i sest, trideset shest, tridsatsest, trzydziesci szesc, trisdesmit sesi, trisdesimt sesi, sestintrideset, tricet sest, treizeci si sase, tridhjete e gjashte, trentasei, trianta exi, triginta sex, trentasei, treinta y seis, trenta-sis, trente-six, sechsunddreissig, trettiseks, trettiosex, kolmekymmentakuusi, harminchat, eresownvets', otsdatekvsmet'i, otuz alti
 thirty-seven, tridtsat' sem' , tridtsyat' sim, trytstsats' sem, trideset i sedem, trieset i sedum, trideset sedam, trideset i sedam, trideset sedam, tridsatsedem, trzydziesci siedem, trisdesmit septini, trisdesimt septyni, sedemintrideset, tricet sedm, treizeci si sapte, tridhjete e shtate, trentasette, trianta epta, triginta septem , trentasette, treinta y siete, trenta-set, trente-sept, siebenunddreissig, trettisyv, trettiosju, kolmekymmentaseitseman, harminchet, eresownyot', otsdachvidmet'i, otuz yeddi
 thirty-eight, tridtsat' vosem' , tridtsyat' visim, trytstsats' vosem, trideset i osem, trieset i osum, trideset osam, trideset osam, trideset osam, tridsatosem, trzydziesci osiem, trisdesmit astoni, trisdesimt astuoni, osemintrideset, tricet osm, treizeci si opt, tridhjete e tete, trentotto, trianta okto, triginta et octo , trentottu, treinta y ocho, trenta-vuit, trente-huit, achtunddreissig, trettiatte, trettioatta, kolmekymmentakahdeksan, harmincnyolc, eresownowt', otsdatvramet'i, otuz sekkiz
 thirty-nine, tridtsat' devyat' , tridtsyat' dev'yat', trytstsats' dzevyats', trideset i devet, trieset i devet, trideset devet, trideset i devet, trideset devet, tridsatdevat, trzydziesci dziewiec, trejdevini, trisdesimt devyneri, devetintrideset, tricet devet, treizeci si noua, tridhjete e nente, trentanove, trianta ennea, triginta et novem , trentanove, treinta y nueve, trenta-nou, trente-neuf, neununddreissig, trettini, trettionio, kolmekymmentayhdeksan, harminckilenc, eresowniny, otsdatskhramet'i, otuz doqquz
 forty, sorok , sorok, sorak, chetirideset, chetirieset, cetrdeset, cetrdeset, chetrdeset, styridsat, czterdziesci, cetrdesmit, keturiasdesimt, stirideset, ctyricet, patruzeci, dyzet, quaranta, saranta, quadraginta , quaranta, cuarenta, quaranta, quarante, vierzig, forti, fyrtio, neljakymmenta, negyven, k'arrasown, ormotsi, qirx
 forty-one, sorok odin , sorok odin, sorak adzin, chetirideset i edno, chetirieset i eden, cetrdeset jedan, cetrdeset jedan, chetrdeset jedan, styridsatjeden, czterdziesci jeden, cetrdesmit viens, keturiasdesimt vienas, enainstirideset, ctyricet jedna, patruzeci si unu, dyzet e nje, quarantuno, saranta ena, quadraginta unus , quaranta-unu, cuarenta y uno , quaranta-un, quarante et un, einundvierzig, fortien, fyrtioen, neljakymmentayksi, negyvenegy, k'arrasownmek, ormotsdaerti, qirx bir
 forty-two, sorok dva , sorok dva, sorak dva, chetirideset i dve, chetirieset i dva, cetrdeset dva, cetrdeset i dvije, chetrdeset dva, styridsatdva, czterdziesci dwa, cetrdesmit divi, keturiasdesimt du, dvainstirideset, ctyricet dva, patruzeci si doi, dyzet e dy, quarantadue, saranta dyo, quadraginta duo , quarantadui, cuarenta y dos, quaranta-dos, quarante-deux, zweiundvierzig, fortito, fyrtiotva, neljakymmentakaksi, negyvenketto, k'arrasownerkow, ormotsdaori, qirx iki
 forty-three, sorok tri , sorok tri, sorak try, chetirideset i tri, chetirieset i tri, cetrdeset tri, cetrdeset i tri, chetrdeset tri, styridsattri, czterdziesci trzy, cetrdesmit tris, keturiasdesimt trys, triinstirideset, ctyricet tri, patruzeci si trei, dyzet e tre, quarantatre, saranta tria, quadraginta tres , quarantatre, cuarenta y tres, quaranta-tres, quarante-trois, dreiundvierzig, forti-tre, fyrtiotre, neljakymmentakolme, negyvenharom, k'arrasownerek', ormotsdasami, qirx uc
 forty-four, sorok chetyre , sorok chotiri, sorak chatyry, chetirideset i chetiri, chetirieset i chetiri, cetrdeset cetiri, cetrdeset cetiri, chetrdeset chetiri, styridsatstyri, czterdziesci cztery, cetrdesmit cetri, keturiasdesimt keturi, stiriinstirideset, ctyricet ctyri, patruzeci si patru, dyzet e kater, quarantaquattro, saranta tessera, quadraginta quattuor , quarantaquattru, cuarenta y cuatro, quaranta-quatre, quarante-quatre, vierundvierzig, fortifire, fyrtiofyra, neljakymmentanelja, negyvennegy, k'arrasownch'ors, ormotsdaotkhi, qirx dord
 forty-five, sorok pyat' , sorok p'yat', sorak pyats', chetirideset i pet, chetirieset i pet, cetrdeset pet, cetrdeset pet, chetrdeset pet, styridsatpat, czterdziesci piec, cetrdesmit pieci, keturiasdesimt penkeri, petinstirideset, ctyricet pet, patruzeci si cinci, dyzet e pese, quarantacinque, saranta pente, quadraginta quinque , quarantacinque, cuarenta y cinco, quaranta-cinc, quarante-cinq, funfundvierzig, fortifem, fyrtiofem, neljakymmentaviisi, negyvenot, k'arrasownhing, ormotsdakhuti, qirx bes
 forty-six, sorok shest' , sorok shist', sorak shests', chetirideset i shest, chetirieset i shest, cetrdeset sest, cetrdeset sest, chetrdeset shest, styridsatsest, czterdziesci szesc, cetrdesmit sesi, keturiasdesimt sesi, sestinstirideset, ctyricet sest, patruzeci si sase, dyzet e gjashte, quarantasei, saranta exi, quadraginta sex , quarantasei, cuarenta y seis, quaranta-sis, quarante-six, sechsundvierzig, fortiseks, fyrtiosex, neljakymmentakuusi, negyvenhat, k'arrasownvets', ormotsdaekvsi, qirx alti
 forty-seven, sorok sem' , sorok sim, sorak sem, chetirideset i sedem, chetirieset i sedum, cetrdeset sedam, cetrdeset sedam, chetrdeset sedam, styridsatsedem, czterdziesci siedem, cetrdesmit septini, keturiasdesimt septyni, sedeminstirideset, ctyricet sedm, patruzeci si sapte, dyzet e shtate, quarantasette, saranta epta, quadraginta septem , quarantasette, cuarenta y siete , quaranta-set, quarante-sept, siebenundvierzig, fortisju, fyrtiosju, neljakymmentaseitseman, negyvenhet, k'arrasownyot', ormotsdashvidi, qirx yeddi
 forty-eight, sorok vosem' , sorok visim, sorak vosem, chetirideset i osem, chetirieset i osum, cetrdeset osam, cetrdeset osam, chetrdeset osam, styridsatosem, czterdziesci osiem, cetrdesmit astoni, keturiasdesimt astuoni, oseminstirideset, ctyricet osm, patruzeci si opt, dyzet e tete, quarantotto, saranta okto, quadraginta octo , quarantottu, cuarenta y ocho, quaranta-vuit, quarante-huit, achtundvierzig, fortiatte, fyrtioatta, neljakymmentakahdeksan, negyvennyolc, k'arrasownowt', ormotsdarva, qirx sekkiz
 forty-nine, sorok devyat' , sorok dev'yat', sorak dzevyats', chetirideset i devet, chetirieset i devet, cetrdeset devet, cetrdeset i devet, chetrdeset devet, styridsatdevat, czterdziesci dziewiec, cetrdesmit devini, keturiasdesimt devyneri, devetinstirideset, ctyricet devet, patruzeci si noua, dyzet e nente, quarantanove, saranta ennea, quadraginta novem , quarantanove, cuarenta y nueve , quaranta-nou, quarante-neuf, neunundvierzig, forti-ni, fyrtionio, neljakymmentayhdeksan, negyvenkilenc, k'arrasowniny, ormotsdatskhra, qirx doqquz
 fifty, pyat'desyat , p'yatdesyat, pyats'dzesyat, petdeset, pedeset, pedeset, pedeset, pedeset, patdesiat, piecdziesiat, piecdesmit, penkiasdesimt, petdeset, padesat, cincizeci, pesedhjete, cinquanta, peninta, quinquaginta , cinquanta, cincuenta, cinquanta, cinquante, funfzig, femti, femtio, viisikymmenta, otven, hisown, ormotsdaati, elli
 fifty-one, pyat'desyat odin , p'yatdesyat odin, pyats'dzesyat adzin, petdeset i edno, pedeset i eden, pedeset jedan, pedeset jedan, pedeset jedan, patdesiatjeden, piecdziesiat jeden, piecdesmit viens, penkiasdesimt vienas, enainpetdeset, padesat jedna, cincizeci si unu, pesedhjete e nje, cinquantuno, peninta ena, quinquaginta et unum , cinquantuno, cincuenta y uno, cinquanta-un, cinquante et un, einundfunfzig, femtien, femtioen, viisikymmentayksi, otvenegy, hisownmek, ormotsdaerti, elli bir
 fifty-two, pyat'desyat dva , p'yatdesyat dva, pyats'dzesyat dva, petdeset i dve, pedeset i dva, pedeset dva, pedeset i dva, pedeset dva, patdesiatdva, piecdziesiat dwa, piecdesmit divi, penkiasdesimt du, dvainpetdeset, padesat dva, cincizeci si doi, pesedhjete e dy, cinquantadue, peninta dyo, quinquaginta duo , cinquantadui, cincuenta y dos, cinquanta-dos, cinquante-deux, zweiundfunfzig, femtito, femtiotva, viisikymmentakaksi, otvenketto, hisownerkow, ormotsdatormet'i, elli iki
 fifty-three, pyat'desyat tri , p'yatdesyat tri, pyats'dzesyat try, petdeset i tri, pedeset i tri, pedeset tri, pedeset i tri, pedeset tri, patdesiattri, piecdziesiat trzy, piecdesmit tris, penkiasdesimt trys, triinpetdeset, padesat tri, cincizeci si trei, pesedhjete e tre, cinquantatre, peninta tria, quinquaginta tres , cinquanta-tre, cincuenta y tres, cinquanta-tres, cinquante-trois, dreiundfunfzig, femtitre, femtiotre, viisikymmentakolme, otvenharom, hisownerek', ormotsdasami, elli uc
 fifty-four, pyat'desyat chetyre , p'yatdesyat chotiri, pyats'dzesyat chatyry, petdeset i chetiri, pedeset i chetiri, pedeset cetiri, pedeset i cetiri, pedeset chetiri, patdesiat styri, piecdziesiat cztery, piecdesmit cetri, penkiasdesimt keturi, stiriinpetdeset, padesat ctyri, cincizeci si patru, pesedhjete e kater, cinquantaquattro, peninta tessera, quinquaginta quattuor , cinquanta-quattru, cincuenta y cuatro, cinquanta-quatre, cinquante-quatre , vierundfunfzig, femtifire, femtiofyra, viisikymmentanelja, otvennegy, hisownch'ors, ormotsdatotkhmet'i, elli dord
 fifty-five, pyat'desyat pyat' , p'yatdesyat p'yat', pyats'dzesyat pyats', petdeset i pet, pedeset i pet, pedeset pet, pedeset pet, pedeset pet, patdesiatpat, piecdziesiat piec, piecdesmit pieci, penkiasdesimt penki, petinpetdeset, padesat pet, cincizeci si cinci, pesedhjete e pese, cinquantacinque, peninta pente, quinquaginta quinque , cinquantacinque, cincuenta y cinco, cinquanta-cinc, cinquante-cinq, funfundfunfzig, femtifem, femtiofem, viisikymmentaviisi, otvenot, hisownhing, ormotsdatkhutmet'i, elli bes
 fifty-six, pyat'desyat shest' , p'yatdesyat shist', pyats'dzesyat shests', petdeset i shest, pedeset i shest, pedeset sest, pedeset i sest, pedeset shest, patdesiatsest, piecdziesiat szesc, piecdesmit sesi, penkiasdesimt sesi, sestinpetdeset, padesat sest, cincizeci si sase, pesedhjete e gjashte, cinquantasei, peninta exi, quinquaginta sex , cinquantasei, cincuenta y seis, cinquanta-sis, cinquante-six , sechsundfunfzig, femtiseks, femtiosex, viisikymmentakuusi, otvenhat, hisownvets', ormotsdatekvsmet'i, elli alti
 fifty-seven, pyat'desyat sem' , p'yatdesyat sim, pyats'dzesyat sem, petdeset i sedem, pedeset i sedum, pedeset sedam, pedeset sedam, pedeset sedam, patdesiatsedem, piecdziesiat siedem, piecdesmit septini, penkiasdesimt septyni, sedeminpetdeset, padesat sedm, cincizeci si sapte, pesedhjete e shtate, cinquantasette, peninta epta, quinquaginta septem , cinquantasette, cincuenta y siete, cinquanta-set, cinquante-sept, siebenundfunfzig, femtisju, femtiosju, viisikymmentaseitseman, otvenhet, hisownyot', ormotsdachvidmet'i, elli yeddi
 fifty-eight, pyat'desyat vosem' , p'yatdesyat visim, pyats'dzesyat vosem, petdeset i osem, pedeset i osum, pedeset osam, pedeset osam, pedeset osam, patdesiatosem, piecdziesiat osiem, piecdesmit astoni, penkiasdesimt astuoni, oseminpetdeset, padesat osm, cincizeci si opt, pesedhjete e tete, cinquantotto, peninta okto, quinquaginta et octo , cinquantottu, cincuenta y ocho, cinquanta-vuit, cinquante-huit, achtundfunfzig, femtiatte, femtioatta, viisikymmentakahdeksan, otvennyolc, hisownowt', ormotsdatvramet'i, elli sekkiz
 fifty-nine, pyat'desyat devyat' , p'yatdesyat dev'yat', pyats'dzesyat dzevyats', petdeset i devet, pedeset i devet, pedeset devet, pedeset i devet, pedeset devet, patdesiatdevat, piecdziesiat dziewiec, piecdesmit devini, penkiasdesimt devyneri, devetinpetdeset, padesat devet, cincizeci si noua, pesedhjete e nente, cinquantanove, peninta ennea, quinquaginta novem , cinquantanove, cincuenta y nueve, cinquanta-nou, cinquante-neuf, neunundfunfzig, femti-ni, femtionio, viisikymmentayhdeksan, otvenkilenc, hisowniny, ormotsdatskhramet'i, elli doqquz
 sixty, shest'desyat , shistdesyat, shests'dzesyat, shestdeset, sheeset, sezdeset, sezdeset, shezdeset, sestdesiat, szescdziesiat, sesdesmit, sesiasdesimt, sestdeset, sedesat, saizeci, gjashtedhjete, sessanta, exinta, sexaginta , sessanta, sesenta, seixanta, soixante, sechzig, seksti, sextio, kuusikymmenta, hatvan, vat'sown, samotsi, altmis
 sixty-one, shest'desyat odin , shistdesyat odin, shests'dzesyat adzin, shestdeset i edno, sheeset i eden, sezdeset jedan, sezdeset jedan, shezdeset jedan, sestdesiatjeden, szescdziesiat jeden, sesdesmit viens, sesiasdesimt vienas, enainsestdeset, sedesat jedna, saizeci si unu, gjashtedhjete e nje, sessantuno, exinta ena, sexaginta unus , sessantunu, sesenta y uno , seixanta-un, soixante et un, einundsechzig, seksti-en, sextioen, kuusikymmentayksi, hatvanegy, vat'sownmek, samotsdaerti, altmis bir
 sixty-two, shest'desyat dva , shistdesyat dva, shests'dzesyat dva, shestdeset i dve, sheeset i dva, sezdeset dva, sezdeset i dvije, shezdeset dva, sestdesiatdva, szescdziesiat dwa, sesdesmit divi, sesiasdesimt du, dvainsestdeset, sedesat dva, saizeci si doi, gjashtedhjete e dy, sessantadue, exinta dyo, sexaginta duo , sessantadui, sesenta y dos , seixanta-dos, soixante-deux, zweiundsechzig, sekstito, sextiotva, kuusikymmentakaksi, hatvanketto, vat'sownerkow, samotsdaori, altmis iki
 sixty-three, shest'desyat tri , shistdesyat tri, shests'dzesyat try, shestdeset i tri, sheeset i tri, sezdeset tri, sezdeset tri, shezdeset tri, sestdesiattri, szescdziesiat trzy, sesdesmit tris, sesiasdesimt trys, triinsestdeset, sedesat tri, saizeci si trei, gjashtedhjete e tre, sessantatre, exinta tria, sexaginta tres , sessantatre, sesenta y tres, seixanta-tres, soixante-trois, dreiundsechzig, sekstitre, sextiotre, kuusikymmentakolme, hatvanharom, vat'sownerek', samotsdasami, altmis uc
 sixty-four, shest'desyat chetyre , shistdesyat chotiri, shests'dzesyat chatyry, shestdeset i chetiri, sheeset i chetiri, sezdeset cetiri, sezdeset cetiri, shezdeset chetiri, sestdesiatstyri, szescdziesiat cztery, sesdesmit cetri, sesiasdesimt keturi, stiriinsestdeset, sedesat ctyri, saizeci si patru, gjashtedhjete e kater, sessantaquattro, exinta tessera, sexaginta quattuor , sessantaquattru, sesenta y cuatro , seixanta-quatre, soixante-quatre, vierundsechzig, sekstifire, sextiofyra, kuusikymmentanelja, hatvannegy, vat'sownch'ors, samotsdaotkhi, altmis dord
 sixty-five, shest'desyat pyat' , shistdesyat p'yat', shests'dzesyat pyats', shestdeset i pet, sheeset i pet, sezdeset pet, sezdeset pet, shezdeset pet, sestdesiatpat, szescdziesiat piec, sesdesmit pieci, sesiasdesimt penkeri, petinsestdeset, sedesat pet, saizeci si cinci, gjashtedhjete e pese, sessantacinque, exinta pente, sexaginta quinque , sessantacinque, sesenta y cinco , seixanta-cinc, soixante-cinq, funfundsechzig, sekstifem, sextiofem, kuusikymmentaviisi, hatvanot, vat'sownhing, samotsdatkhutmet'i, altmis bes
 sixty-six, shest'desyat shest' , shistdesyat shist', shests'dzesyat shests', shestdeset i shest, sheeset i shest, sezdeset sest, sezdeset sest, shezdeset shest, sestdesiatsest, szescdziesiat szesc, sesdesmit sesi, sesiasdesimt sesi, sestinsestdeset, sedesat sest, saizeci si sase, gjashtedhjete e gjashte, sessantasei, exinta exi, sexaginta sex , sessantasei, sesenta y seis , seixanta-sis, soixante-six, sechsundsechzig, sekstiseks, sextiosex, kuusikymmentakuusi, hatvanhat, vat'sownvets', samotsdaekvsi, altmis alti
 sixty-seven, shest'desyat sem' , shistdesyat sim, shests'dzesyat sem, shestdeset i sedem, sheeset i sedum, sezdeset sedam, sezdeset i sedam, shezdeset sedam, sestdesiatsedem, szescdziesiat siedem, sesdesmit septini, sesiasdesimt septyni, sedeminsestdeset, sedesat sedm, saizeci si sapte, gjashtedhjete e shtate, sessantasette, exinta epta, sexaginta septem , sessantasette, sesenta y siete , seixanta-set, soixante-sept, siebenundsechzig, sekstisju, sextiosju, kuusikymmentaseitseman, hatvanhet, vat'sownyot', samotsdashvidi, altmis yeddi
 sixty-eight, shest'desyat vosem' , shistdesyat visim, shests'dzesyat vosem, shestdeset i osem, sheeset i osum, sezdeset osam, sezdeset osam, shezdeset osam, sestdesiatosem, szescdziesiat osiem, sesdesmit astoni, sesiasdesimt astuoni, oseminsestdeset, sedesat osm, saizeci si opt, gjashtedhjete e tete, sessantotto, exinta okto, sexaginta octo , sessantottu, sesenta y ocho , seixanta-vuit, soixante-huit, achtundsechzig, sekstiatte, sextioatta, kuusikymmentakahdeksan, hatvannyolc, vat'sownowt', samotsi rva, altmis sekkiz
 sixty-nine, shest'desyat devyat' , shistdesyat dev'yat', shests'dzesyat dzevyats', shestdeset i devet, sheeset i devet, sezdeset devet, sezdeset i devet, shezdeset devet, sestdesiatdevat, szescdziesiat dziewiec, sesdesmit devini, sesiasdesimt devyni, devetinsestdeset, sedesat devet, saizeci si noua, gjashtedhjete e nente, sessantanove, exinta ennea, sexaginta novem , sessantanove, sesenta y nueve , seixanta-nou, soixante-neuf, neunundsechzig, seksti-ni, sextionio, kuusikymmentayhdeksan, hatvankilenc, vat'sowniny, samotsdatskhra, altmis doqquz
 seventy, sem'desyat , simdesyat, semdzesyat, sedemdeset, sedumdeset, sedamdeset, sedamdeset, sedamdeset, sedemdesiat, siedemdziesiat, septindesmit, septyniasdesimt, sedemdeset, sedmdesat, saptezeci, shtatedhjete, settanta, evdominta, septuaginta, settanta, setenta, setanta, soixante-dix, siebzig, sytti, sjuttio, seitsemankymmenta, hetven, yot'anasown, samotsdaati, yetmis
 seventy-one, sem'desyat odin , simdesyat odin, semdzesyat adzin, sedemdeset i edno, sedumdeset i eden, sedamdeset jedan, sedamdeset jedan, sedamdeset i jedan, sedemdesiatjeden, siedemdziesiat jeden, septindesmit viens, septyniasdesimt vienas, enainsedemdeset, sedmdesat jedna, saptezeci si unu, shtatedhjete e nje, settantuno, evdominta ena, septuaginta unum , settanta unu, setenta y uno, setanta-un, soixante et onze, einundsiebzig, syttien, sjuttioen, seitsemankymmentayksi, hetvenegy, yot'anasownmek, samotsdatertmet'i, yetmis bir
 seventy-two, sem'desyat dva , simdesyat dva, semdzesyat dva, sedemdeset i dve, sedumdeset i dva, sedamdeset dva, sedamdeset i dvije, sedamdeset dva, sedemdesiatdva, siedemdziesiat dwa, septindesmit divi, septyniasdesimt du, dvainsedemdeset, sedmdesat dva, saptezeci si doi, shtatedhjete e dy, settantadue, evdominta dyo, septuaginta duo , settantadui, setenta y dos, setanta-dos, soixante-douze, zweiundsiebzig, syttito, sjuttiotva, seitsemankymmentakaksi, hetvenketto, yot'anasownerkow, samotsdatormet'i, yetmis iki
 seventy-three, sem'desyat tri , simdesyat tri, semdzesyat try, sedemdeset i tri, sedumdeset i tri, sedamdeset tri, sedamdeset i tri, sedamdeset tri, sedemdesiattri, siedemdziesiat trzy, septindesmit tris, septyniasdesimt trys, triinsedemdeset, sedmdesat tri, saptezeci si trei, shtatedhjete e tre, settantatre, evdominta tria, septuaginta tres , settantatre, setenta y tres, setanta-tres, soixante-treize, dreiundsiebzig, syttitre, sjuttiotre, seitsemankymmentakolme, hetvenharom, yot'anasownerek', samotsdasami, yetmis uc
 seventy-four, sem'desyat chetyre , simdesyat chotiri, semdzesyat chatyry, sedemdeset i chetiri, sedumdeset i chetiri, sedamdeset cetiri, sedamdeset i cetiri, sedamdeset chetiri, sedemdesiatstyri, siedemdziesiat cztery, septindesmit cetri, septyniasdesimt keturi, stiriinsedemdeset, sedmdesat ctyri, saptezeci si patru, shtatedhjete e kater, settantaquattro, evdominta tessera, septuaginta quattuor , settantaquattru, setenta y cuatro, setanta-quatre, soixante-quatorze, vierundsiebzig, syttifire, sjuttiofyra, seitsemankymmentanelja, hetvennegy, yot'anasownch'ors, samotsdatotkhmet'i, yetmis dord
 seventy-five, sem'desyat pyat' , simdesyat p'yat', semdzesyat pyats', sedemdeset i pet, sedumdeset i pet, sedamdeset pet, sedamdeset pet, sedamdeset pet, sedemdesiatpat, siedemdziesiat piec, septindesmit pieci, septyniasdesimt penkeri, petinsedemdeset, sedmdesat pet, saptezeci si cinci, shtatedhjete e pese, settantacinque, evdominta pente, septuaginta quinque , settantacinque, setenta y cinco, setanta-cinc, soixante-quinze , funfundsiebzig, syttifem, sjuttiofem, seitsemankymmentaviisi, hetvenot, yot'anasownhing, samotsdatkhutmet'i, yetmis bes
 seventy-six, sem'desyat shest' , simdesyat shist', semdzesyat shests', sedemdeset i shest, sedumdeset i shest, sedamdeset sest, sedamdeset i sest, sedamdeset i shest, sedemdesiatsest, siedemdziesiat szesc, septindesmit sesi, septyniasdesimt sesi, sestinsedemdeset, sedmdesat sest, saptezeci si sase, shtatedhjete e gjashte, settantasei, evdominta exi, septuaginta sex, settantasei, setenta y seis, setanta-sis, soixante-seize, sechsundsiebzig, syttiseks, sjuttiosex, seitsemankymmentakuusi, hetvenhat, yot'anasownvets', samotsdatekvsmet'i, yetmis alti
 seventy-seven, sem'desyat sem' , simdesyat sim, semdzesyat sem, sedemdeset i sedem, sedumdeset i sedum, sedamdeset sedam, sedamdeset i sedam, sedamdeset sedam, sedemdesiatsedem, siedemdziesiat siedem, septindesmit septini, septyniasdesimt septyni, sedeminsedemdeset, sedmdesat sedm, saptezeci si sapte, shtatedhjete e shtate, settantasette, evdominta epta, septuaginta septem , settantasette, setenta y siete, setanta-set, soixante-dix-sept, siebenundsiebzig, syttisju, sjuttiosju, seitsemankymmentaseitseman, hetvenhet, yot'anasownyot', samotsdachvidmet'i, yetmis yeddi
 seventy-eight, sem'desyat vosem' , simdesyat visim, semdzesyat vosem, sedemdeset i osem, sedumdeset i osum, sedamdeset osam, sedamdeset osam, sedamdeset osam, sedemdesiatosem, siedemdziesiat osiem, septindesmit astoni, septyniasdesimt astuoni, oseminsedemdeset, sedmdesat osm, saptezeci si opt, shtatedhjete e tete, settantotto, evdominta okto, septuaginta octo , settantaottu, setenta y ocho, setanta-vuit, soixante-dix-huit, achtundsiebzig, syttiatte, sjuttioatta, seitsemankymmentakahdeksan, hetvennyolc, yot'anasownowt', samotsdatvramet'i, yetmis sekkiz
 seventy-nine, sem'desyat devyat' , simdesyat dev'yat', semdzesyat dzevyats', sedemdeset i devet, sedumdeset i devet, sedamdeset devet, sedamdeset i devet, sedamdeset devet, sedemdesiatdevat, siedemdziesiat dziewiec, septindesmit devini, septyniasdesimt devyneri, devetinsedemdeset, sedmdesat devet, saptezeci si noua, shtatedhjete e nente, settantanove, evdominta ennea, septuaginta novem , settanta nove, setenta y nueve, setanta-nou, soixante-dix-neuf, neunundsiebzig, syttini, sjuttionio, seitsemankymmentayhdeksan, hetvenkilenc, yot'anasowniny, samotsdatskhramet'i, yetmis doqquz
 eighty, vosem'desyat , visimdesyat, vosemdzesyat, osemdeset, osumdeset, osamdeset, osamdeset, osamdeset, osemdesiat, osiemdziesiat, astondesmit, astuoniasdesimt, osemdeset, osmdesat, optzeci, tetedhjete, ottanta, ogdonta, octoginta , ottanta, ochenta, vuitanta, quatre-vingts, achtzig, atti, attio, kahdeksankymmenta, nyolcvan, owt'sown, otkhmotsi, seksen
 eighty-one, vosem'desyat odin , visimdesyat odin, vosemdzesyat adzin, osemdeset i edno, osumdeset i eden, osamdeset jedan, osamdeset jedan, osamdeset jedan, osemdesiatjeden, osiemdziesiat jeden, astondesmit viens, astuoniasdesimt vienas, enainosemdeset, osmdesat jedna, optzeci si unu, tetedhjete e nje, ottantuno, ogdonta ena, octoginta unus , ottanta unu, ochenta y uno, vuitanta-un, quatre-vingt-un, einundachtzig, attien, attioen, kahdeksankymmentayksi, nyolcvanegy, owt'sownmek, otkhmotsdaerti, seksen bir
 eighty-two, vosem'desyat dva , visimdesyat dva, vosemdzesyat dva, osemdeset i dve, osumdeset i dva, osamdeset dva, osamdeset i dvije, osamdeset dva, osemdesiatdva, osiemdziesiat dwa, astondesmit divi, astuoniasdesimt du, dvainosemdeset, osmdesat dva, optzeci si doi, tetedhjete e dy, ottantadue, ogdonta dyo, octoginta duo , ottantadui, ochenta y dos, vuitanta-dos, quatre-vingt-deux, zweiundachtzig, attito, attiotva, kahdeksankymmentakaksi, nyolcvanketto, owt'sownerkow, otkhmotsdatormet'i, seksen iki
 eighty-three, vosem'desyat tri , visimdesyat tri, vosemdzesyat try, osemdeset i tri, osumdeset i tri, osamdeset tri, osamdeset i tri, osamdeset tri, osemdesiattri, osiemdziesiat trzy, astondesmit tris, astuoniasdesimt trys, triinosemdeset, osmdesat tri, optzeci si trei, tetedhjete e tre, ottantatre, ogdonta tria, octoginta tres , ottanta tre, ochenta y tres, vuitanta-tres, quatre-vingt-trois, dreiundachtzig, attitre, attiotre, kahdeksankymmentakolme, nyolcvanharom, owt'sownerek', otkhmotsdasami, seksen uc
 eighty-four, vosem'desyat chetyre , visimdesyat chotiri, vosemdzesyat chatyry, osemdeset i chetiri, osumdeset i chetiri, osamdeset cetiri, osamdeset i cetiri, osamdeset chetiri, osemdesiatstyri, osiemdziesiat cztery, astondesmit cetri, astuoniasdesimt keturi, stiriinosemdeset, osmdesat ctyri, optzeci si patru, tetedhjete e kater, ottantaquattro, ogdonta tessera, octoginta quattuor , ottantaquattru, ochenta y cuatro, vuitanta-quatre, quatre-vingt-quatre, vierundachtzig, attifire, attiofyra, kahdeksankymmentanelja, nyolcvannegy, owt'sownch'ors, otkhmotsdaotkhi, seksen dord
 eighty-five, vosem'desyat pyat' , visimdesyat p'yat', vosemdzesyat pyats', osemdeset i pet, osumdeset i pet, osamdeset pet, osamdeset pet, osamdeset pet, osemdesiatpat, osiemdziesiat piec, astondesmit pieci, astuoniasdesimt penki, petinosemdeset, osmdesat pet, optzeci si cinci, tetedhjete e pese, ottantacinque, ogdonta pente, octoginta quinque , ottantacinque, ochenta y cinco, vuitanta-cinc, quatre-vingt-cinq, funfundachtzig, attifem, attiofem, kahdeksankymmentaviisi, nyolcvanot, owt'sownhing, otkhmotsdatkhutmet'i, seksen bes
 eighty-six, vosem'desyat shest' , visimdesyat shist', vosemdzesyat shests', osemdeset i shest, osumdeset i shest, osamdeset sest, osamdeset sest, osamdeset shest, osemdesiatsest, osiemdziesiat szesc, astondesmit sesi, astuoniasdesimt sesi, sestinosemdeset, osmdesat sest, optzeci si sase, tetedhjete e gjashte, ottantasei, ogdonta exi, octoginta sex , ottantasei, ochenta y seis, vuitanta-sis, quatre-vingt-six , sechsundachtzig, attiseks, attiosex, kahdeksankymmentakuusi, nyolcvanhat, owt'sownvets', otkhmotsdaekvsi, seksen alti
 eighty-seven, vosem'desyat sem' , visimdesyat sim, vosemdzesyat sem, osemdeset i sedem, osumdeset i sedum, osamdeset sedam, osamdeset sedam, osamdeset sedam, osemdesiatsedem, osiemdziesiat siedem, astondesmit septini, astuoniasdesimt septyni, sedeminosemdeset, osmdesat sedm, optzeci si sapte, tetedhjete e shtate, ottantasette, ogdonta epta, octoginta septem , ottantasette, ochenta y siete, vuitanta-set, quatre-vingt-sept, siebenundachtzig, attisyv, attiosju, kahdeksankymmentaseitseman, nyolcvanhet, owt'sownyot', otkhmotsdashvidi, seksen yeddi
 eighty-eight, vosem'desyat vosem' , visimdesyat visim, vosemdzesyat vosem, osemdeset i osem, osumdeset i osum, osamdeset osam, osamdeset osam, osamdeset osam, osemdesiatosem, osiemdziesiat osiem, astondesmit astoni, astuoniasdesimt astuoni, oseminosemdeset, osmdesat osm, optzeci si opt, tetedhjete e tete, ottantotto, ogdonta okto, octoginta octo , ottanta-ottu, ochenta y ocho, vuitanta-vuit, quatre-vingt-huit, achtundachtzig, attiatte, attioatta, kahdeksankymmentakahdeksan, nyolcvannyolc, owt'sownowt', otkhmotsdarva, seksen sekkiz
 eighty-nine, vosem'desyat devyat' , visimdesyat dev'yat', vosemdzesyat dzevyats', osemdeset i devet, osumdeset i devet, osamdeset devet, osamdeset i devet, osamdeset devet, osemdesiatdevat, osiemdziesiat dziewiec, astondesmit devini, astuoniasdesimt devyni, devetinosemdeset, osmdesat devet, optzeci si noua, tetedhjete e nente, ottantanove, ogdonta ennea, octuagesimo nono , ottanta nove, ochenta y nueve, vuitanta-nou, quatre-vingt-neuf, neunundachtzig, attini, attionio, kahdeksankymmentayhdeksan, nyolcvankilenc, owt'sowniny, otkhmotsdatskhra, seksen doqquz
 ninety, devyanosto , dev'yanosto, dzevyanosta, devetdeset, devedeset, devedeset, devedeset, devedeset, devatdesiat, dziewiecdziesiat, devindesmit, devyniasdesimt, devetdeset, devadesat, nouazeci, nentedhjete, novanta, eneninta, nonaginta , novanta, noventa, noranta, quatre-vingt-dix, neunzig, nitti, nittio, yhdeksankymmenta, kilencven, innsown, otkhmotsdaati, doxsan
 ninety-one, devyanosto odin , dev'yanosto odin, dzevyanosta adzin, devetdeset i edno, devedeset i eden, devedeset jedan, devedeset jedan, devedeset jedan, devatdesiatjeden, dziewiecdziesiat jeden, devindesmit viens, devyniasdesimt vienas, enaindevetdeset, devadesat jedna, nouazeci si unu, nentedhjete e nje, novantuno, eneninta ena, nonaginta unum , novantunu, noventa y uno , noranta-un, quatre-vingt-onze, einundneunzig, nittien, nittioen, yhdeksankymmentayksi, kilencvenegy, innsownmek, otkhmotsdatertmet'i, doxsan bir
 ninety-two, devyanosto dva , dev'yanosto dva, dzevyanosta dva, devetdeset i dve, devedeset i dva, devedeset dva, devedeset i dvije, devedeset dva, devatdesiatdva, dziewiecdziesiat dwa, devindesmit divi, devyniasdesimt du, dvaindevetdeset, devadesat dva, nouazeci si doi, nentedhjete e dy, novantadue, eneninta dyo, nonaginta duo , novantadui, noventa y dos, noranta-dos, quatre-vingt-douze, zweiundneunzig, nittito, nittiotva, yhdeksankymmentakaksi, kilencvenketto, innsown erkow, otkhmotsdatormet'i, doxsan iki
 ninety-three, devyanosto tri , dev'yanosto tri, dzevyanosta try, devetdeset i tri, devedeset i tri, devedeset tri, devedeset tri, devedeset tri, devatdesiattri, dziewiecdziesiat trzy, devindesmit tris, devyniasdesimt trys, triindevetdeset, devadesat tri, nouazeci si trei, nentedhjete e tre, novantatre, eneninta tria, nonaginta tres , novantatre, noventa y tres, noranta-tres, quatre-vingt-treize , dreiundneunzig, nittitre, nittiotre, yhdeksankymmentakolme, kilencvenharom, innsownerek', otkhmotsdasami, doxsan uc
 ninety-four, devyanosto chetyre , dev'yanosto chotiri, dzevyanosta chatyry, devetdeset i chetiri, devedeset i chetiri, devedeset cetiri, devedeset cetiri, devedeset chetiri, devatdesiatstyri, dziewiecdziesiat cztery, devindesmit cetri, devyniasdesimt keturi, stiriindevetdeset, devadesat ctyri, nouazeci si patru, nentedhjete e kater, novantaquattro, eneninta tessera, nonaginta quattuor , novantaquattru, noventa y cuatro, noranta-quatre, quatre-vingt-quatorze, vierundneunzig, nittifire, nittiofyra, yhdeksankymmentanelja, kilencvennegy, innsownch'ors, otkhmotsdatotkhmet'i, doxsan dord
 ninety-five, devyanosto pyat' , dev'yanosto p'yat', dzevyanosta pyats', devetdeset i pet, devedeset i pet, devedeset pet, devedeset pet, devedeset pet, devatdesiatpat, dziewiecdziesiat piec, devindesmit pieci, devyniasdesimt penki, petindevetdeset, devadesat pet, nouazeci si cinci, nentedhjete e pese, novantacinque, eneninta pente, nonaginta quinque , novantacinque, noventa y cinco, noranta-cinc, quatre-vingt-quinze , funfundneunzig, nittifem, nittiofem, yhdeksankymmentaviisi, kilencvenot, innsownhing, otkhmotsdatkhutmet'i, doxsan bes
 ninety-six, devyanosto shest' , dev'yanosto shist', dzevyanosta shests', devetdeset i shest, devedeset i shest, devedeset sest, devedeset sest, devedeset shest, devatdesiatsest, dziewiecdziesiat szesc, devindesmit sesi, devyniasdesimt sesi, sestindevetdeset, devadesat sest, nouazeci si sase, nentedhjete e gjashte, novantasei, eneninta exi, nonaginta sex , novantasei, noventa y seis, noranta-sis, quatre-vingt-seize, sechsundneunzig, nittiseks, nittiosex, yhdeksankymmentakuusi, kilencvenhat, innsownvets', otkhmotsdatekvsmet'i, doxsan alti
 ninety-seven, devyanosto sem' , dev'yanosto sim, dzevyanosta sem, devetdeset i sedem, devedeset i sedum, devedeset sedam, devedeset sedam, devedeset sedam, devatdesiatsedem, dziewiecdziesiat siedem, devindesmit septini, devyniasdesimt septyni, sedemindevetdeset, devadesat sedm, nouazeci si sapte, nentedhjete e shtate, novantasette, eneninta epta, nonaginta septem , novantasette, noventa y siete , noranta-set, quatre-vingt-dix-sept, siebenundneunzig, nittisyv, nittiosju, yhdeksankymmentaseitseman, kilencvenhet, innsownyot', otkhmotsdachvidmet'i, doxsan yeddi
 ninety-eight, devyanosto vosem' , dev'yanosto visim, dzevyanosta vosem, devetdeset i osem, devedeset i osum, devedeset osam, devedeset osam, devedeset osam, devatdesiatosem, dziewiecdziesiat osiem, devindesmit astoni, devyniasdesimt astuoni, osemindevetdeset, devadesat osm, nouazeci si opt, nentedhjete e tete, novantotto, eneninta okto, nonaginta octo , novantottu, noventa y ocho, noranta-vuit, quatre-vingt-dix-huit, achtundneunzig, nittiatte, nittioatta, yhdeksankymmentakahdeksan, kilencvennyolc, innsownowt', otkhmotsdatvramet'i, doxsan sekkiz
 ninety-nine, devyanosto devyat', dev'yanosto dev'yat', dzevyanosta dzevyats', devetdeset i devet, devedeset i devet, devedeset devet, devedeset devet, devedesetdevet, devatdesiat devat, dziewiecdziesiat dziewiec, devindesmit devini, devyniasdesimt devyni, devetindevetdeset, devadesat devet, nouazeci si noua, nentedhjete e nente, novantanove, eneninta ennia, nonaginta novem, novantanove, noventa y nueve, noranta-nou, quatre-vingt-dix-neuf, neunundneunzig, nitti ni, nittionio, yhdeksankymmentayhdeksan, kilencvenkilenc, innsowniny, otkhmotsdatskhramet'i, doxsan doqquz
